type,n,m,t,otps,cmps,iters
max,39,170,86,13,2,41
min,39,170,86,13,2,49
rnd,39,170,86,13,2,28
max,39,170,119,13,2,23
min,39,170,119,13,2,54
rnd,39,170,119,13,2,28
max,39,170,128,25,2,49
min,39,170,128,25,2,62
rnd,39,170,128,25,2,63
max,39,170,140,10,2,19
min,39,170,140,10,2,18
rnd,39,170,140,10,2,23
max,39,170,116,13,2,14
min,39,170,116,13,2,14
rnd,39,170,116,13,2,14
max,39,170,135,27,2,71
min,39,170,135,27,2,114
rnd,39,170,135,27,2,98
max,39,170,95,13,3,32
min,39,170,95,13,3,80
rnd,39,170,95,13,3,58
max,39,170,66,18,2,19
min,39,170,66,18,2,20
rnd,39,170,66,18,2,20
max,39,170,126,36,3,86
min,39,170,126,36,3,97
rnd,39,170,126,36,3,143
max,39,170,118,17,2,109
min,39,170,118,17,2,158
rnd,39,170,118,17,2,131
max,39,170,99,39,3,121
min,39,170,99,39,3,231
rnd,39,170,99,39,3,115
max,39,170,103,14,2,15
min,39,170,103,14,2,15
rnd,39,170,103,14,2,15
max,39,170,106,14,2,29
min,39,170,106,14,2,63
rnd,39,170,106,14,2,48
max,39,170,131,12,2,17
min,39,170,131,12,2,24
rnd,39,170,131,12,2,22
max,39,170,127,14,2,44
min,39,170,127,14,2,45
rnd,39,170,127,14,2,33
max,39,170,112,28,3,207
min,39,170,112,28,3,310
rnd,39,170,112,28,3,126
max,39,170,129,12,2,30
min,39,170,129,12,2,27
rnd,39,170,129,12,2,23
max,39,170,83,7,2,8
min,39,170,83,7,2,11
rnd,39,170,83,7,2,10
max,39,170,101,8,2,9
min,39,170,101,8,2,9
rnd,39,170,101,8,2,9
max,39,170,136,24,2,79
min,39,170,136,24,2,129
rnd,39,170,136,24,2,124
max,39,170,103,8,2,10
min,39,170,103,8,2,16
rnd,39,170,103,8,2,11
max,39,170,133,9,2,14
min,39,170,133,9,2,12
rnd,39,170,133,9,2,14
max,39,170,110,21,3,33
min,39,170,110,21,3,37
rnd,39,170,110,21,3,32
max,39,170,145,33,3,78
min,39,170,145,33,3,174
rnd,39,170,145,33,3,146
max,39,170,125,11,2,16
min,39,170,125,11,2,35
rnd,39,170,125,11,2,30
max,39,170,119,43,4,112
min,39,170,119,43,4,249
rnd,39,170,119,43,4,379
max,39,170,107,24,2,425
min,39,170,107,24,2,800
rnd,39,170,107,24,2,1080
max,39,170,133,17,2,41
min,39,170,133,17,2,31
rnd,39,170,133,17,2,29
max,39,170,101,19,2,94
min,39,170,101,19,2,98
rnd,39,170,101,19,2,324
max,39,170,126,29,3,113
min,39,170,126,29,3,462
rnd,39,170,126,29,3,136
max,39,170,149,52,3,183
min,39,170,149,52,3,385
rnd,39,170,149,52,3,258
max,39,170,127,8,2,9
min,39,170,127,8,2,9
rnd,39,170,127,8,2,9
max,39,170,67,8,2,17
min,39,170,67,8,2,26
rnd,39,170,67,8,2,20
max,39,170,102,40,3,771
max,39,170,128,23,3,91
min,39,170,128,23,3,121
rnd,39,170,128,23,3,54
max,39,170,58,16,2,62
min,39,170,58,16,2,141
rnd,39,170,58,16,2,113
max,39,170,150,63,4,249
min,39,170,150,63,4,640
max,39,170,125,40,3,198
min,39,170,125,40,3,841
rnd,39,170,125,40,3,407
max,39,170,113,26,2,254
min,39,170,113,26,2,247
rnd,39,170,113,26,2,222
max,39,170,99,41,3,64
min,39,170,99,41,3,96
rnd,39,170,99,41,3,84
max,39,170,130,13,2,14
min,39,170,130,13,2,14
rnd,39,170,130,13,2,14
max,39,170,119,10,2,11
min,39,170,119,10,2,11
rnd,39,170,119,10,2,11
max,39,170,144,19,3,20
min,39,170,144,19,3,30
rnd,39,170,144,19,3,21
max,39,170,93,10,2,17
min,39,170,93,10,2,18
rnd,39,170,93,10,2,20
max,39,170,93,20,2,33
min,39,170,93,20,2,48
rnd,39,170,93,20,2,41
max,39,170,109,46,3,119
min,39,170,109,46,3,196
rnd,39,170,109,46,3,185
max,39,170,135,27,2,86
min,39,170,135,27,2,59
rnd,39,170,135,27,2,116
max,39,170,91,18,2,115
min,39,170,91,18,2,116
rnd,39,170,91,18,2,104
max,39,170,118,34,3,114
min,39,170,118,34,3,370
rnd,39,170,118,34,3,304
max,39,170,135,23,2,251
min,39,170,135,23,2,956
rnd,39,170,135,23,2,275
max,39,170,124,24,2,97
min,39,170,124,24,2,107
rnd,39,170,124,24,2,183
rnd,39,170,117,66,5,461
max,39,170,150,29,2,217
min,39,170,150,29,2,369
rnd,39,170,150,29,2,151
max,39,170,132,28,2,91
min,39,170,132,28,2,118
rnd,39,170,132,28,2,121
max,39,170,143,10,2,53
min,39,170,143,10,2,59
rnd,39,170,143,10,2,46
max,39,170,106,27,2,112
min,39,170,106,27,2,121
rnd,39,170,106,27,2,101
max,39,170,150,22,2,130
min,39,170,150,22,2,382
rnd,39,170,150,22,2,1003
max,39,170,97,17,2,89
min,39,170,97,17,2,187
rnd,39,170,97,17,2,160
max,39,170,136,14,2,29
min,39,170,136,14,2,80
rnd,39,170,136,14,2,33
max,39,170,115,37,3,410
min,39,170,115,37,3,587
rnd,39,170,115,37,3,258
max,39,170,140,26,3,236
min,39,170,140,26,3,902
rnd,39,170,140,26,3,220
max,39,170,100,21,2,52
min,39,170,100,21,2,88
rnd,39,170,100,21,2,45
max,39,170,115,38,4,122
min,39,170,115,38,4,195
rnd,39,170,115,38,4,114
max,39,170,116,20,2,47
min,39,170,116,20,2,52
rnd,39,170,116,20,2,46
max,39,170,139,43,3,107
min,39,170,139,43,3,115
rnd,39,170,139,43,3,217
max,39,170,89,17,2,46
min,39,170,89,17,2,64
rnd,39,170,89,17,2,109
max,39,170,120,10,2,11
min,39,170,120,10,2,19
rnd,39,170,120,10,2,11
max,39,170,133,36,3,118
min,39,170,133,36,3,215
rnd,39,170,133,36,3,382
max,39,170,114,25,2,193
min,39,170,114,25,2,202
rnd,39,170,114,25,2,302
max,39,170,91,49,4,194
min,39,170,91,49,4,190
rnd,39,170,91,49,4,270
max,39,170,109,31,3,739
min,39,170,109,31,3,1606
rnd,39,170,109,31,3,423
max,39,170,136,39,3,347
min,39,170,136,39,3,987
rnd,39,170,136,39,3,1011
max,39,170,75,8,2,9
min,39,170,75,8,2,16
rnd,39,170,75,8,2,9
max,39,170,121,50,4,149
min,39,170,121,50,4,212
rnd,39,170,121,50,4,189
max,39,170,110,27,2,230
min,39,170,110,27,2,431
rnd,39,170,110,27,2,185
max,39,170,143,40,3,177
min,39,170,143,40,3,395
rnd,39,170,143,40,3,362
max,39,170,142,22,2,92
min,39,170,142,22,2,96
rnd,39,170,142,22,2,93
max,39,170,116,24,2,129
min,39,170,116,24,2,248
rnd,39,170,116,24,2,96
max,39,170,106,11,2,15
min,39,170,106,11,2,14
rnd,39,170,106,11,2,20
max,39,170,148,48,4,113
min,39,170,148,48,4,402
rnd,39,170,148,48,4,394
max,39,170,78,14,2,63
min,39,170,78,14,2,187
rnd,39,170,78,14,2,180
max,39,170,118,32,3,89
min,39,170,118,32,3,109
rnd,39,170,118,32,3,95
max,39,170,107,11,2,20
min,39,170,107,11,2,19
rnd,39,170,107,11,2,22
max,39,170,128,17,2,51
min,39,170,128,17,2,50
rnd,39,170,128,17,2,46
max,39,170,114,44,3,771
min,39,170,114,44,3,407
rnd,39,170,114,44,3,1018
max,39,170,134,10,2,14
min,39,170,134,10,2,17
rnd,39,170,134,10,2,15
max,39,170,138,48,3,200
min,39,170,138,48,3,447
rnd,39,170,138,48,3,966
max,39,170,127,30,3,86
min,39,170,127,30,3,141
rnd,39,170,127,30,3,164
max,39,170,139,41,3,62
min,39,170,139,41,3,74
rnd,39,170,139,41,3,100
max,39,170,126,31,3,352
min,39,170,126,31,3,391
rnd,39,170,126,31,3,193
max,39,170,133,24,2,716
min,39,170,133,24,2,1426
rnd,39,170,133,24,2,1014
max,39,170,73,23,2,98
min,39,170,73,23,2,115
rnd,39,170,73,23,2,115
max,39,170,136,9,2,10
min,39,170,136,9,2,13
rnd,39,170,136,9,2,11
max,39,170,146,70,3,769
rnd,39,170,146,70,3,943
max,39,170,132,24,2,61
min,39,170,132,24,2,77
rnd,39,170,132,24,2,77
max,39,170,89,5,2,8
min,39,170,89,5,2,12
rnd,39,170,89,5,2,12
max,39,170,95,24,2,77
min,39,170,95,24,2,110
rnd,39,170,95,24,2,82
max,39,170,124,24,2,64
min,39,170,124,24,2,99
rnd,39,170,124,24,2,77
max,39,170,130,22,3,52
min,39,170,130,22,3,116
rnd,39,170,130,22,3,153
max,39,170,88,24,2,46
min,39,170,88,24,2,72
rnd,39,170,88,24,2,46
max,39,170,146,17,2,31
min,39,170,146,17,2,28
rnd,39,170,146,17,2,28
max,39,170,148,35,3,232
min,39,170,148,35,3,875
rnd,39,170,148,35,3,176
max,39,170,79,18,2,47
min,39,170,79,18,2,53
rnd,39,170,79,18,2,75
max,39,170,141,54,3,640
min,39,170,141,54,3,363
rnd,39,170,141,54,3,1025
max,39,170,83,5,2,7
min,39,170,83,5,2,10
rnd,39,170,83,5,2,8
max,39,170,62,31,3,60
min,39,170,62,31,3,101
rnd,39,170,62,31,3,65
max,39,170,92,9,2,13
min,39,170,92,9,2,13
rnd,39,170,92,9,2,16
max,39,170,128,23,2,106
min,39,170,128,23,2,202
rnd,39,170,128,23,2,311
max,39,170,81,18,2,52
min,39,170,81,18,2,43
rnd,39,170,81,18,2,33
max,39,170,121,10,2,11
min,39,170,121,10,2,12
rnd,39,170,121,10,2,12
max,39,170,129,47,3,395
min,39,170,129,47,3,530
rnd,39,170,129,47,3,785
max,39,170,89,8,2,9
min,39,170,89,8,2,12
rnd,39,170,89,8,2,9
max,39,170,110,24,2,110
min,39,170,110,24,2,237
rnd,39,170,110,24,2,123
max,39,170,113,10,2,17
min,39,170,113,10,2,17
rnd,39,170,113,10,2,30
max,39,170,121,25,2,43
min,39,170,121,25,2,51
rnd,39,170,121,25,2,48
max,39,170,134,22,2,76
min,39,170,134,22,2,168
rnd,39,170,134,22,2,106
max,39,170,133,27,2,50
min,39,170,133,27,2,65
rnd,39,170,133,27,2,55
max,39,170,125,34,3,51
min,39,170,125,34,3,62
rnd,39,170,125,34,3,70
max,39,170,105,14,2,54
min,39,170,105,14,2,93
rnd,39,170,105,14,2,118
max,39,170,141,23,2,51
min,39,170,141,23,2,91
rnd,39,170,141,23,2,96
max,39,170,140,24,2,175
min,39,170,140,24,2,183
rnd,39,170,140,24,2,601
max,39,170,122,7,2,17
min,39,170,122,7,2,13
rnd,39,170,122,7,2,17
max,39,170,97,8,2,13
min,39,170,97,8,2,19
rnd,39,170,97,8,2,16
max,39,170,108,53,3,253
min,39,170,108,53,3,1241
rnd,39,170,108,53,3,989
max,39,170,121,21,2,36
min,39,170,121,21,2,92
rnd,39,170,121,21,2,75
max,39,170,105,33,3,844
rnd,39,170,105,33,3,520
max,39,170,117,35,3,154
min,39,170,117,35,3,1866
rnd,39,170,117,35,3,194
max,39,170,145,27,2,45
min,39,170,145,27,2,50
rnd,39,170,145,27,2,39
max,39,170,83,23,3,46
min,39,170,83,23,3,62
rnd,39,170,83,23,3,50
max,39,170,116,21,2,45
min,39,170,116,21,2,53
rnd,39,170,116,21,2,49
rnd,39,170,146,77,3,1025
rnd,39,170,128,27,2,825
max,39,170,119,5,2,6
min,39,170,119,5,2,6
rnd,39,170,119,5,2,6
max,39,170,87,8,2,12
min,39,170,87,8,2,20
rnd,39,170,87,8,2,13
max,39,170,146,22,2,232
min,39,170,146,22,2,396
rnd,39,170,146,22,2,267
max,39,170,95,7,2,8
min,39,170,95,7,2,8
rnd,39,170,95,7,2,8
max,39,170,76,9,2,12
min,39,170,76,9,2,18
rnd,39,170,76,9,2,15
max,39,170,141,23,2,222
min,39,170,141,23,2,502
rnd,39,170,141,23,2,123
max,39,170,125,48,4,224
min,39,170,125,48,4,953
rnd,39,170,125,48,4,198
max,39,170,90,23,2,103
min,39,170,90,23,2,177
rnd,39,170,90,23,2,90
max,39,170,150,47,3,345
min,39,170,150,47,3,381
rnd,39,170,150,47,3,340
max,39,170,133,10,2,11
min,39,170,133,10,2,16
rnd,39,170,133,10,2,15
rnd,39,170,138,27,2,1585
max,39,170,135,21,3,53
min,39,170,135,21,3,119
rnd,39,170,135,21,3,78
max,39,170,56,19,2,86
min,39,170,56,19,2,96
rnd,39,170,56,19,2,74
max,39,170,147,21,3,24
min,39,170,147,21,3,31
rnd,39,170,147,21,3,46
max,39,170,106,10,2,18
min,39,170,106,10,2,26
rnd,39,170,106,10,2,18
max,39,170,149,8,2,9
min,39,170,149,8,2,10
rnd,39,170,149,8,2,9
max,39,170,144,23,2,109
min,39,170,144,23,2,161
rnd,39,170,144,23,2,65
max,39,170,122,18,2,32
min,39,170,122,18,2,32
rnd,39,170,122,18,2,33
max,39,170,108,25,2,77
min,39,170,108,25,2,100
rnd,39,170,108,25,2,105
max,39,170,61,14,2,32
min,39,170,61,14,2,32
rnd,39,170,61,14,2,24
max,39,170,138,14,2,23
min,39,170,138,14,2,23
rnd,39,170,138,14,2,23
max,39,170,138,10,2,11
min,39,170,138,10,2,11
rnd,39,170,138,10,2,11
max,39,170,82,11,2,15
min,39,170,82,11,2,15
rnd,39,170,82,11,2,15
max,39,170,138,18,2,24
min,39,170,138,18,2,72
rnd,39,170,138,18,2,44
max,39,170,114,19,2,147
min,39,170,114,19,2,200
rnd,39,170,114,19,2,191
max,39,170,149,17,2,18
min,39,170,149,17,2,18
rnd,39,170,149,17,2,18
max,39,170,145,27,2,173
min,39,170,145,27,2,357
rnd,39,170,145,27,2,110
max,39,170,120,9,3,10
min,39,170,120,9,3,10
rnd,39,170,120,9,3,10
max,39,170,124,53,3,377
min,39,170,124,53,3,342
rnd,39,170,124,53,3,452
max,39,170,143,20,3,27
min,39,170,143,20,3,63
rnd,39,170,143,20,3,55
max,39,170,150,22,3,65
min,39,170,150,22,3,164
rnd,39,170,150,22,3,66
max,39,170,149,29,2,180
min,39,170,149,29,2,458
rnd,39,170,149,29,2,374
max,39,170,131,51,4,1707
max,39,170,94,47,3,1005
rnd,39,170,94,47,3,491
max,39,170,129,7,2,8
min,39,170,129,7,2,8
rnd,39,170,129,7,2,8
max,39,170,140,40,4,488
min,39,170,140,40,4,1218
rnd,39,170,140,40,4,501
max,39,170,110,16,2,51
min,39,170,110,16,2,56
rnd,39,170,110,16,2,82
max,39,170,138,24,2,174
min,39,170,138,24,2,282
rnd,39,170,138,24,2,177
max,39,170,125,22,3,43
min,39,170,125,22,3,48
rnd,39,170,125,22,3,38
max,39,170,121,32,4,39
min,39,170,121,32,4,40
rnd,39,170,121,32,4,56
max,39,170,88,22,2,102
min,39,170,88,22,2,415
rnd,39,170,88,22,2,369
max,39,170,145,26,2,176
min,39,170,145,26,2,213
rnd,39,170,145,26,2,100
max,39,170,139,64,4,179
min,39,170,139,64,4,197
rnd,39,170,139,64,4,300
max,39,170,104,20,3,28
min,39,170,104,20,3,55
rnd,39,170,104,20,3,35
max,39,170,144,23,2,82
min,39,170,144,23,2,229
rnd,39,170,144,23,2,172
max,39,170,147,26,3,449
min,39,170,147,26,3,453
rnd,39,170,147,26,3,188
max,39,170,112,43,3,213
min,39,170,112,43,3,417
rnd,39,170,112,43,3,185
max,39,170,88,4,2,5
min,39,170,88,4,2,5
rnd,39,170,88,4,2,5
max,39,170,116,19,3,21
min,39,170,116,19,3,31
rnd,39,170,116,19,3,26
max,39,170,147,49,4,382
min,39,170,147,49,4,910
rnd,39,170,147,49,4,473
max,39,170,136,28,3,206
min,39,170,136,28,3,187
rnd,39,170,136,28,3,95
max,39,170,116,13,2,37
min,39,170,116,13,2,51
rnd,39,170,116,13,2,47
max,39,170,123,28,2,335
min,39,170,123,28,2,952
rnd,39,170,123,28,2,492
max,39,170,122,26,2,62
min,39,170,122,26,2,312
rnd,39,170,122,26,2,173
max,39,170,108,46,3,225
min,39,170,108,46,3,491
rnd,39,170,108,46,3,1537
max,39,170,138,26,3,142
min,39,170,138,26,3,252
rnd,39,170,138,26,3,100
max,39,170,143,27,2,356
min,39,170,143,27,2,843
rnd,39,170,143,27,2,132
max,39,170,110,8,2,10
min,39,170,110,8,2,14
rnd,39,170,110,8,2,10
max,39,170,78,8,2,9
min,39,170,78,8,2,9
rnd,39,170,78,8,2,9
max,39,170,112,35,2,111
min,39,170,112,35,2,423
rnd,39,170,112,35,2,312
max,39,170,94,22,2,112
min,39,170,94,22,2,190
rnd,39,170,94,22,2,125
rnd,39,170,127,54,3,337
max,39,170,91,10,2,14
min,39,170,91,10,2,23
rnd,39,170,91,10,2,14
max,39,170,145,44,3,735
rnd,39,170,145,44,3,359
max,39,170,87,19,2,48
min,39,170,87,19,2,54
rnd,39,170,87,19,2,78
max,39,170,146,111,5,1444
min,39,170,146,111,5,1515
rnd,39,170,146,111,5,664
max,39,170,126,11,2,24
min,39,170,126,11,2,40
rnd,39,170,126,11,2,28
max,39,170,141,31,2,1126
min,39,170,141,31,2,2071
rnd,39,170,141,31,2,1516
max,39,170,57,2,2,3
min,39,170,57,2,2,3
rnd,39,170,57,2,2,3
max,39,170,80,8,2,9
min,39,170,80,8,2,9
rnd,39,170,80,8,2,9
max,39,170,54,6,2,17
min,39,170,54,6,2,25
rnd,39,170,54,6,2,23
max,39,170,125,24,2,254
min,39,170,125,24,2,403
rnd,39,170,125,24,2,446
max,39,170,123,22,2,1253
min,39,170,123,22,2,1182
rnd,39,170,123,22,2,151
max,39,170,43,11,2,27
min,39,170,43,11,2,39
rnd,39,170,43,11,2,30
max,39,170,94,22,2,494
min,39,170,94,22,2,2028
rnd,39,170,94,22,2,744
max,39,170,113,22,2,116
min,39,170,113,22,2,170
rnd,39,170,113,22,2,178
max,39,170,125,27,2,404
min,39,170,125,27,2,1342
rnd,39,170,125,27,2,459
max,39,170,69,4,2,6
min,39,170,69,4,2,8
rnd,39,170,69,4,2,7
max,39,170,133,26,4,118
min,39,170,133,26,4,243
rnd,39,170,133,26,4,125
max,39,170,102,14,2,26
min,39,170,102,14,2,32
rnd,39,170,102,14,2,23
max,39,170,107,13,2,14
min,39,170,107,13,2,14
rnd,39,170,107,13,2,14
max,39,170,148,17,2,27
min,39,170,148,17,2,62
rnd,39,170,148,17,2,36
max,39,170,69,3,2,4
min,39,170,69,3,2,4
rnd,39,170,69,3,2,4
max,39,170,143,38,3,247
min,39,170,143,38,3,982
rnd,39,170,143,38,3,239
max,39,170,126,54,4,1020
min,39,170,126,54,4,1854
max,39,170,145,57,4,920
min,39,170,145,57,4,1656
rnd,39,170,145,57,4,1259
max,39,170,140,54,3,799
rnd,39,170,140,54,3,1702
max,39,170,52,4,2,6
min,39,170,52,4,2,6
rnd,39,170,52,4,2,6
max,39,170,116,29,3,549
rnd,39,170,116,29,3,205
max,39,170,122,14,2,19
min,39,170,122,14,2,37
rnd,39,170,122,14,2,40
max,39,170,82,10,2,22
min,39,170,82,10,2,22
rnd,39,170,82,10,2,18
max,39,170,59,6,2,9
min,39,170,59,6,2,9
rnd,39,170,59,6,2,8
max,39,170,139,27,3,58
min,39,170,139,27,3,75
rnd,39,170,139,27,3,122
max,39,170,91,20,2,28
min,39,170,91,20,2,29
rnd,39,170,91,20,2,29
max,39,170,149,82,5,1812
min,39,170,149,82,5,715
max,39,170,59,16,2,30
min,39,170,59,16,2,39
rnd,39,170,59,16,2,32
max,39,170,87,25,2,57
min,39,170,87,25,2,94
rnd,39,170,87,25,2,107
max,39,170,58,7,2,10
min,39,170,58,7,2,16
rnd,39,170,58,7,2,13
max,39,170,82,24,2,810
min,39,170,82,24,2,1820
rnd,39,170,82,24,2,910
max,39,170,110,23,2,84
min,39,170,110,23,2,371
rnd,39,170,110,23,2,133
max,39,170,105,22,2,203
min,39,170,105,22,2,235
rnd,39,170,105,22,2,197
max,39,170,95,20,2,104
min,39,170,95,20,2,243
rnd,39,170,95,20,2,119
max,39,170,127,49,4,509
min,39,170,127,49,4,1680
rnd,39,170,127,49,4,433
max,39,170,62,10,2,22
min,39,170,62,10,2,22
rnd,39,170,62,10,2,40
max,39,170,138,17,2,43
min,39,170,138,17,2,42
rnd,39,170,138,17,2,79
max,39,170,111,46,3,295
min,39,170,111,46,3,353
rnd,39,170,111,46,3,318
max,39,170,89,23,2,100
min,39,170,89,23,2,200
rnd,39,170,89,23,2,127
max,39,170,95,18,2,20
min,39,170,95,18,2,22
rnd,39,170,95,18,2,21
max,39,170,147,24,3,43
min,39,170,147,24,3,58
rnd,39,170,147,24,3,33
max,39,170,125,12,2,14
min,39,170,125,12,2,15
rnd,39,170,125,12,2,14
max,39,170,88,5,2,6
min,39,170,88,5,2,11
rnd,39,170,88,5,2,10
max,39,170,133,42,3,2041
rnd,39,170,133,42,3,1237
max,39,170,40,15,2,18
min,39,170,40,15,2,20
rnd,39,170,40,15,2,20
max,39,170,135,11,2,15
min,39,170,135,11,2,28
rnd,39,170,135,11,2,27
max,39,170,104,11,2,12
min,39,170,104,11,2,22
rnd,39,170,104,11,2,22
max,39,170,141,64,5,671
min,39,170,141,64,5,2002
rnd,39,170,141,64,5,215
max,39,170,140,41,3,1319
min,39,170,140,41,3,1448
rnd,39,170,140,41,3,489
max,39,170,141,51,3,877
min,39,170,141,51,3,776
rnd,39,170,141,51,3,466
max,39,170,96,16,2,68
min,39,170,96,16,2,112
rnd,39,170,96,16,2,99
max,39,170,71,5,2,7
min,39,170,71,5,2,10
rnd,39,170,71,5,2,9
max,39,170,80,6,2,8
min,39,170,80,6,2,12
rnd,39,170,80,6,2,9
max,39,170,124,18,3,19
min,39,170,124,18,3,19
rnd,39,170,124,18,3,19
max,39,170,85,6,2,7
min,39,170,85,6,2,12
rnd,39,170,85,6,2,7
max,39,170,55,12,2,39
min,39,170,55,12,2,34
rnd,39,170,55,12,2,34
max,39,170,148,43,3,663
min,39,170,148,43,3,246
rnd,39,170,148,43,3,169
max,39,170,147,12,2,16
min,39,170,147,12,2,16
rnd,39,170,147,12,2,16
max,39,170,142,24,3,25
min,39,170,142,24,3,25
rnd,39,170,142,24,3,25
max,39,170,132,60,4,849
rnd,39,170,132,60,4,980
max,39,170,100,11,2,20
min,39,170,100,11,2,19
rnd,39,170,100,11,2,18
max,39,170,51,13,2,20
min,39,170,51,13,2,33
rnd,39,170,51,13,2,37
max,39,170,65,24,2,94
min,39,170,65,24,2,235
rnd,39,170,65,24,2,78
max,39,170,66,17,2,23
min,39,170,66,17,2,24
rnd,39,170,66,17,2,20
max,39,170,95,19,2,42
min,39,170,95,19,2,56
rnd,39,170,95,19,2,49
max,39,170,141,29,2,1240
min,39,170,141,29,2,1570
rnd,39,170,141,29,2,574
max,39,170,127,39,2,328
min,39,170,127,39,2,1541
rnd,39,170,127,39,2,1720
max,39,170,144,44,4,384
rnd,39,170,144,44,4,681
max,39,170,87,8,2,11
min,39,170,87,8,2,18
rnd,39,170,87,8,2,15
max,39,170,127,11,2,13
min,39,170,127,11,2,23
rnd,39,170,127,11,2,15
max,39,170,108,8,2,11
min,39,170,108,8,2,18
rnd,39,170,108,8,2,15
max,39,170,115,25,3,94
min,39,170,115,25,3,215
rnd,39,170,115,25,3,216
max,39,170,145,28,2,448
min,39,170,145,28,2,1288
rnd,39,170,145,28,2,285
max,39,170,137,27,2,423
rnd,39,170,137,27,2,358
max,39,170,93,13,2,16
min,39,170,93,13,2,16
rnd,39,170,93,13,2,19
max,39,170,139,59,5,370
min,39,170,139,59,5,243
rnd,39,170,139,59,5,309
max,39,170,94,23,2,93
min,39,170,94,23,2,102
rnd,39,170,94,23,2,85
max,39,170,134,33,3,657
min,39,170,134,33,3,2319
rnd,39,170,134,33,3,682
max,39,170,94,42,3,722
min,39,170,94,42,3,493
rnd,39,170,94,42,3,345
max,39,170,142,65,4,236
min,39,170,142,65,4,739
rnd,39,170,142,65,4,241
max,39,170,139,49,4,1519
min,39,170,139,49,4,1945
rnd,39,170,139,49,4,1014
max,39,170,119,43,4,227
min,39,170,119,43,4,405
rnd,39,170,119,43,4,493
max,39,170,111,28,2,143
min,39,170,111,28,2,177
rnd,39,170,111,28,2,831
max,39,170,129,19,3,28
min,39,170,129,19,3,27
rnd,39,170,129,19,3,32
max,39,170,135,78,5,320
min,39,170,135,78,5,486
max,39,170,147,49,4,288
min,39,170,147,49,4,1329
rnd,39,170,147,49,4,360
max,39,170,145,29,3,695
min,39,170,145,29,3,1621
rnd,39,170,145,29,3,600
max,39,170,138,26,2,207
min,39,170,138,26,2,426
rnd,39,170,138,26,2,316
max,39,170,123,9,2,12
min,39,170,123,9,2,12
rnd,39,170,123,9,2,11
max,39,170,143,30,2,258
min,39,170,143,30,2,461
rnd,39,170,143,30,2,214
max,39,170,101,25,2,57
min,39,170,101,25,2,59
rnd,39,170,101,25,2,95
max,39,170,101,9,2,10
min,39,170,101,9,2,11
rnd,39,170,101,9,2,10
max,39,170,73,6,2,8
min,39,170,73,6,2,8
rnd,39,170,73,6,2,8
max,39,170,98,20,3,101
min,39,170,98,20,3,193
rnd,39,170,98,20,3,146
max,39,170,122,26,2,42
min,39,170,122,26,2,53
rnd,39,170,122,26,2,49
max,39,170,110,26,3,51
min,39,170,110,26,3,67
rnd,39,170,110,26,3,51
max,39,170,92,26,2,342
min,39,170,92,26,2,841
rnd,39,170,92,26,2,443
max,39,170,145,28,2,87
min,39,170,145,28,2,64
rnd,39,170,145,28,2,77
max,39,170,141,25,2,123
min,39,170,141,25,2,204
rnd,39,170,141,25,2,212
max,39,170,111,21,2,302
min,39,170,111,21,2,598
rnd,39,170,111,21,2,371
max,39,170,65,8,2,10
min,39,170,65,8,2,12
rnd,39,170,65,8,2,11
max,39,170,145,26,2,361
min,39,170,145,26,2,642
rnd,39,170,145,26,2,129
max,39,170,101,17,2,40
min,39,170,101,17,2,55
rnd,39,170,101,17,2,47
max,39,170,131,29,2,193
min,39,170,131,29,2,167
rnd,39,170,131,29,2,81
max,39,170,89,23,2,68
min,39,170,89,23,2,120
rnd,39,170,89,23,2,98
max,39,170,124,26,2,84
min,39,170,124,26,2,115
rnd,39,170,124,26,2,107
max,39,170,113,44,3,384
min,39,170,113,44,3,321
rnd,39,170,113,44,3,458
max,39,170,65,21,2,185
min,39,170,65,21,2,363
rnd,39,170,65,21,2,93
max,39,170,141,13,2,15
min,39,170,141,13,2,27
rnd,39,170,141,13,2,24
max,39,170,82,13,2,19
min,39,170,82,13,2,23
rnd,39,170,82,13,2,15
max,39,170,114,24,2,130
min,39,170,114,24,2,223
rnd,39,170,114,24,2,66
rnd,39,170,142,40,3,203
max,39,170,70,7,3,8
min,39,170,70,7,3,8
rnd,39,170,70,7,3,17
max,39,170,68,7,2,11
min,39,170,68,7,2,12
rnd,39,170,68,7,2,13
max,39,170,141,10,2,25
min,39,170,141,10,2,27
rnd,39,170,141,10,2,18
max,39,170,71,7,2,14
min,39,170,71,7,2,13
rnd,39,170,71,7,2,19
max,39,170,102,9,2,13
min,39,170,102,9,2,22
rnd,39,170,102,9,2,14
max,39,170,142,53,5,302
min,39,170,142,53,5,786
rnd,39,170,142,53,5,1621
max,39,170,78,22,2,101
min,39,170,78,22,2,126
rnd,39,170,78,22,2,174
max,39,170,115,29,3,350
min,39,170,115,29,3,668
rnd,39,170,115,29,3,750
max,39,170,123,10,2,11
min,39,170,123,10,2,19
rnd,39,170,123,10,2,14
max,39,170,114,43,4,235
min,39,170,114,43,4,945
rnd,39,170,114,43,4,792
max,39,170,94,19,2,98
min,39,170,94,19,2,179
rnd,39,170,94,19,2,116
max,39,170,102,26,2,77
min,39,170,102,26,2,126
rnd,39,170,102,26,2,93
max,39,170,83,8,2,13
min,39,170,83,8,2,13
rnd,39,170,83,8,2,13
max,39,170,114,31,3,371
min,39,170,114,31,3,709
rnd,39,170,114,31,3,176
max,39,170,139,10,2,11
min,39,170,139,10,2,12
rnd,39,170,139,10,2,13
max,39,170,77,15,2,21
min,39,170,77,15,2,22
rnd,39,170,77,15,2,20
max,39,170,87,11,2,23
min,39,170,87,11,2,28
rnd,39,170,87,11,2,47
max,39,170,118,9,2,12
min,39,170,118,9,2,22
rnd,39,170,118,9,2,19
min,39,170,137,95,6,1455
rnd,39,170,137,95,6,1791
max,39,170,140,26,2,99
min,39,170,140,26,2,236
rnd,39,170,140,26,2,110
max,39,170,129,25,2,93
min,39,170,129,25,2,162
rnd,39,170,129,25,2,157
max,39,170,98,20,2,81
min,39,170,98,20,2,179
rnd,39,170,98,20,2,170
max,39,170,117,19,2,45
min,39,170,117,19,2,59
rnd,39,170,117,19,2,55
max,39,170,140,75,5,935
max,39,170,115,16,2,23
min,39,170,115,16,2,22
rnd,39,170,115,16,2,28
max,39,170,146,26,2,103
min,39,170,146,26,2,116
rnd,39,170,146,26,2,86
max,39,170,89,20,2,33
min,39,170,89,20,2,94
rnd,39,170,89,20,2,28
max,39,170,109,22,2,122
min,39,170,109,22,2,118
rnd,39,170,109,22,2,104
max,39,170,53,7,2,9
min,39,170,53,7,2,14
rnd,39,170,53,7,2,14
max,39,170,115,16,2,38
min,39,170,115,16,2,37
rnd,39,170,115,16,2,37
max,39,170,119,26,2,235
min,39,170,119,26,2,434
rnd,39,170,119,26,2,104
max,39,170,119,51,3,87
min,39,170,119,51,3,111
rnd,39,170,119,51,3,108
max,39,170,133,31,3,389
min,39,170,133,31,3,832
rnd,39,170,133,31,3,122
max,39,170,120,9,2,11
min,39,170,120,9,2,17
rnd,39,170,120,9,2,13
max,39,170,125,23,2,90
min,39,170,125,23,2,155
rnd,39,170,125,23,2,306
max,39,170,124,45,3,213
min,39,170,124,45,3,224
rnd,39,170,124,45,3,408
max,39,170,134,26,2,46
min,39,170,134,26,2,48
rnd,39,170,134,26,2,41
max,39,170,150,59,5,201
min,39,170,150,59,5,458
rnd,39,170,150,59,5,242
max,39,170,59,17,2,31
min,39,170,59,17,2,51
rnd,39,170,59,17,2,78
max,39,170,108,33,2,274
min,39,170,108,33,2,223
rnd,39,170,108,33,2,394
max,39,170,90,10,2,11
min,39,170,90,10,2,12
rnd,39,170,90,10,2,11
max,39,170,130,55,4,512
min,39,170,130,55,4,1311
rnd,39,170,130,55,4,608
max,39,170,74,14,2,28
min,39,170,74,14,2,63
rnd,39,170,74,14,2,58
max,39,170,148,26,2,102
min,39,170,148,26,2,122
rnd,39,170,148,26,2,130
max,39,170,150,35,2,980
rnd,39,170,150,35,2,2307
max,39,170,150,55,3,234
min,39,170,150,55,3,330
rnd,39,170,150,55,3,643
max,39,170,124,8,2,11
min,39,170,124,8,2,16
rnd,39,170,124,8,2,14
max,39,170,92,8,2,10
min,39,170,92,8,2,15
rnd,39,170,92,8,2,10
max,39,170,140,13,2,29
min,39,170,140,13,2,28
rnd,39,170,140,13,2,26
max,39,170,82,10,2,11
min,39,170,82,10,2,11
rnd,39,170,82,10,2,11
max,39,170,128,88,5,3801
rnd,39,170,128,88,5,1005
max,39,170,111,68,5,855
min,39,170,111,68,5,691
rnd,39,170,111,68,5,728
max,39,170,58,16,2,37
min,39,170,58,16,2,45
rnd,39,170,58,16,2,26
max,39,170,90,26,2,394
min,39,170,90,26,2,1405
rnd,39,170,90,26,2,610
max,39,170,127,7,2,8
min,39,170,127,7,2,13
rnd,39,170,127,7,2,10
max,39,170,149,28,3,1098
min,39,170,149,28,3,1658
rnd,39,170,149,28,3,2042
max,39,170,138,12,2,26
min,39,170,138,12,2,20
rnd,39,170,138,12,2,21
max,39,170,130,10,2,11
min,39,170,130,10,2,12
rnd,39,170,130,10,2,12
max,39,170,137,40,3,1905
min,39,170,137,40,3,1771
rnd,39,170,137,40,3,475
max,39,170,128,31,3,62
min,39,170,128,31,3,62
rnd,39,170,128,31,3,71
max,39,170,71,8,2,10
min,39,170,71,8,2,16
rnd,39,170,71,8,2,15
max,39,170,117,73,6,222
min,39,170,117,73,6,387
rnd,39,170,117,73,6,2383
max,39,170,113,27,2,83
min,39,170,113,27,2,118
rnd,39,170,113,27,2,93
max,39,170,142,31,3,82
min,39,170,142,31,3,104
rnd,39,170,142,31,3,88
max,39,170,142,26,2,580
min,39,170,142,26,2,1004
rnd,39,170,142,26,2,1867
max,39,170,132,27,2,120
min,39,170,132,27,2,102
rnd,39,170,132,27,2,174
max,39,170,111,41,4,120
min,39,170,111,41,4,289
rnd,39,170,111,41,4,354
max,39,170,146,26,2,96
min,39,170,146,26,2,111
rnd,39,170,146,26,2,84
max,39,170,127,39,3,476
min,39,170,127,39,3,501
rnd,39,170,127,39,3,386
max,39,170,146,19,2,242
min,39,170,146,19,2,372
rnd,39,170,146,19,2,103
max,39,170,132,23,2,96
min,39,170,132,23,2,398
rnd,39,170,132,23,2,205
max,39,170,131,33,3,946
min,39,170,131,33,3,2048
rnd,39,170,131,33,3,244
max,39,170,104,18,3,19
min,39,170,104,18,3,28
rnd,39,170,104,18,3,23
max,39,170,124,29,2,64
min,39,170,124,29,2,135
rnd,39,170,124,29,2,89
max,39,170,79,9,2,13
min,39,170,79,9,2,18
rnd,39,170,79,9,2,15
min,39,170,145,49,3,2768
max,39,170,136,30,2,808
min,39,170,136,30,2,934
rnd,39,170,136,30,2,694
max,39,170,107,15,2,115
min,39,170,107,15,2,91
rnd,39,170,107,15,2,60
max,39,170,147,11,2,15
min,39,170,147,11,2,15
rnd,39,170,147,11,2,15
max,39,170,146,22,2,417
min,39,170,146,22,2,267
rnd,39,170,146,22,2,336
max,39,170,85,7,2,24
min,39,170,85,7,2,27
rnd,39,170,85,7,2,22
max,39,170,135,22,2,35
min,39,170,135,22,2,61
rnd,39,170,135,22,2,43
max,39,170,150,8,2,9
min,39,170,150,8,2,9
rnd,39,170,150,8,2,9
max,39,170,140,28,2,128
min,39,170,140,28,2,189
rnd,39,170,140,28,2,192
max,39,170,137,28,3,86
min,39,170,137,28,3,176
rnd,39,170,137,28,3,96
max,39,170,150,57,4,246
min,39,170,150,57,4,1501
rnd,39,170,150,57,4,1545
max,39,170,116,68,4,184
min,39,170,116,68,4,256
rnd,39,170,116,68,4,333
max,39,170,118,26,2,122
min,39,170,118,26,2,376
rnd,39,170,118,26,2,241
max,39,170,97,7,2,9
min,39,170,97,7,2,13
rnd,39,170,97,7,2,9
max,39,170,112,11,2,12
min,39,170,112,11,2,12
rnd,39,170,112,11,2,12
max,39,170,104,13,2,18
min,39,170,104,13,2,38
rnd,39,170,104,13,2,23
max,39,170,125,23,2,52
min,39,170,125,23,2,53
rnd,39,170,125,23,2,73
max,39,170,145,40,3,126
min,39,170,145,40,3,159
rnd,39,170,145,40,3,234
max,39,170,147,72,5,174
min,39,170,147,72,5,251
rnd,39,170,147,72,5,430
max,39,170,134,10,2,22
min,39,170,134,10,2,21
rnd,39,170,134,10,2,14
max,39,170,96,15,2,33
min,39,170,96,15,2,31
rnd,39,170,96,15,2,33
max,39,170,147,48,4,113
min,39,170,147,48,4,335
rnd,39,170,147,48,4,204
max,39,170,125,20,2,123
min,39,170,125,20,2,210
rnd,39,170,125,20,2,93
max,39,170,142,38,3,662
min,39,170,142,38,3,1364
rnd,39,170,142,38,3,168
max,39,170,76,7,2,14
min,39,170,76,7,2,15
rnd,39,170,76,7,2,15
max,39,170,128,25,2,253
min,39,170,128,25,2,435
rnd,39,170,128,25,2,182
max,39,170,149,15,2,29
min,39,170,149,15,2,28
rnd,39,170,149,15,2,49
max,39,170,139,21,2,42
min,39,170,139,21,2,55
rnd,39,170,139,21,2,59
max,39,170,128,50,3,94
min,39,170,128,50,3,104
rnd,39,170,128,50,3,159
max,39,170,150,27,2,406
min,39,170,150,27,2,941
rnd,39,170,150,27,2,1363
max,39,170,114,25,2,859
min,39,170,114,25,2,1663
rnd,39,170,114,25,2,840
max,39,170,149,26,2,54
min,39,170,149,26,2,59
rnd,39,170,149,26,2,55
max,39,170,139,41,3,627
min,39,170,139,41,3,1397
rnd,39,170,139,41,3,1527
max,39,170,131,42,4,73
min,39,170,131,42,4,89
rnd,39,170,131,42,4,153
max,39,170,133,41,3,164
min,39,170,133,41,3,328
rnd,39,170,133,41,3,419
max,39,170,141,37,3,94
min,39,170,141,37,3,183
rnd,39,170,141,37,3,98
max,39,170,144,35,3,1600
max,39,170,118,21,2,101
min,39,170,118,21,2,207
rnd,39,170,118,21,2,190
max,39,170,63,12,2,27
min,39,170,63,12,2,28
rnd,39,170,63,12,2,27
max,39,170,52,10,3,20
min,39,170,52,10,3,22
rnd,39,170,52,10,3,16
max,39,170,104,22,2,46
min,39,170,104,22,2,102
rnd,39,170,104,22,2,50
max,39,170,112,7,2,8
min,39,170,112,7,2,8
rnd,39,170,112,7,2,8
max,39,170,130,10,2,18
min,39,170,130,10,2,31
rnd,39,170,130,10,2,23
max,39,170,129,36,3,177
min,39,170,129,36,3,403
rnd,39,170,129,36,3,126
max,39,170,141,67,4,223
min,39,170,141,67,4,364
rnd,39,170,141,67,4,690
max,39,170,102,11,2,12
min,39,170,102,11,2,12
rnd,39,170,102,11,2,12
max,39,170,90,21,2,395
min,39,170,90,21,2,589
rnd,39,170,90,21,2,281
max,39,170,142,26,2,158
min,39,170,142,26,2,108
rnd,39,170,142,26,2,95
max,39,170,56,5,2,6
min,39,170,56,5,2,10
rnd,39,170,56,5,2,7
max,39,170,112,17,2,34
min,39,170,112,17,2,76
rnd,39,170,112,17,2,66
max,39,170,124,21,2,56
min,39,170,124,21,2,65
rnd,39,170,124,21,2,81
max,39,170,31,4,2,5
min,39,170,31,4,2,7
rnd,39,170,31,4,2,5
max,39,170,68,14,2,28
min,39,170,68,14,2,28
rnd,39,170,68,14,2,27
max,39,170,127,84,5,505
min,39,170,127,84,5,860
rnd,39,170,127,84,5,822
max,39,170,122,33,3,406
min,39,170,122,33,3,670
rnd,39,170,122,33,3,127
max,39,170,135,27,2,149
min,39,170,135,27,2,183
rnd,39,170,135,27,2,114
max,39,170,51,12,2,13
min,39,170,51,12,2,13
rnd,39,170,51,12,2,13
max,39,170,103,11,2,12
min,39,170,103,11,2,18
rnd,39,170,103,11,2,14
max,39,170,124,22,2,54
min,39,170,124,22,2,56
rnd,39,170,124,22,2,65
max,39,170,147,29,2,165
min,39,170,147,29,2,213
rnd,39,170,147,29,2,111
max,39,170,123,14,2,61
min,39,170,123,14,2,81
rnd,39,170,123,14,2,87
max,39,170,111,38,4,2025
rnd,39,170,111,38,4,372
max,39,170,125,10,2,25
min,39,170,125,10,2,27
rnd,39,170,125,10,2,14
max,39,170,112,64,5,214
min,39,170,112,64,5,350
rnd,39,170,112,64,5,1010
max,39,170,147,37,3,120
min,39,170,147,37,3,166
rnd,39,170,147,37,3,111
rnd,39,170,145,49,4,2838
max,39,170,150,79,5,481
min,39,170,150,79,5,1823
max,39,170,129,26,2,393
min,39,170,129,26,2,429
rnd,39,170,129,26,2,120
max,39,170,143,24,2,147
min,39,170,143,24,2,237
rnd,39,170,143,24,2,122
max,39,170,106,49,3,209
min,39,170,106,49,3,210
rnd,39,170,106,49,3,191
max,39,170,145,63,4,482
min,39,170,145,63,4,1677
max,39,170,123,55,4,240
min,39,170,123,55,4,835
rnd,39,170,123,55,4,757
max,39,170,129,22,2,59
min,39,170,129,22,2,101
rnd,39,170,129,22,2,81
max,39,170,115,11,2,12
min,39,170,115,11,2,12
rnd,39,170,115,11,2,12
max,39,170,112,9,2,21
min,39,170,112,9,2,35
rnd,39,170,112,9,2,25
max,39,170,140,37,3,84
min,39,170,140,37,3,142
rnd,39,170,140,37,3,181
max,39,170,95,25,2,383
min,39,170,95,25,2,938
rnd,39,170,95,25,2,189
max,39,170,148,11,2,25
min,39,170,148,11,2,46
rnd,39,170,148,11,2,36
max,39,170,65,8,2,10
min,39,170,65,8,2,16
rnd,39,170,65,8,2,15
max,39,170,122,51,3,229
min,39,170,122,51,3,471
rnd,39,170,122,51,3,334
max,39,170,81,9,2,12
min,39,170,81,9,2,19
rnd,39,170,81,9,2,17
max,39,170,119,19,2,118
min,39,170,119,19,2,176
rnd,39,170,119,19,2,63
max,39,170,132,43,3,102
min,39,170,132,43,3,195
rnd,39,170,132,43,3,292
max,39,170,87,12,2,14
min,39,170,87,12,2,18
rnd,39,170,87,12,2,15
max,39,170,133,26,2,98
min,39,170,133,26,2,110
rnd,39,170,133,26,2,152
max,39,170,105,25,2,613
min,39,170,105,25,2,885
rnd,39,170,105,25,2,132
max,39,170,113,21,2,96
min,39,170,113,21,2,128
rnd,39,170,113,21,2,93
max,39,170,139,50,2,228
min,39,170,139,50,2,677
rnd,39,170,139,50,2,433
max,39,170,130,58,4,788
rnd,39,170,130,58,4,999
max,39,170,90,12,2,41
min,39,170,90,12,2,29
rnd,39,170,90,12,2,30
max,39,170,103,8,2,10
min,39,170,103,8,2,12
rnd,39,170,103,8,2,11
max,39,170,105,22,2,229
min,39,170,105,22,2,490
rnd,39,170,105,22,2,59
max,39,170,127,23,2,47
min,39,170,127,23,2,79
rnd,39,170,127,23,2,36
max,39,170,119,41,3,176
min,39,170,119,41,3,238
rnd,39,170,119,41,3,144
max,39,170,106,19,2,309
min,39,170,106,19,2,898
rnd,39,170,106,19,2,476
max,39,170,61,9,2,25
min,39,170,61,9,2,25
rnd,39,170,61,9,2,26
max,39,170,150,25,3,232
min,39,170,150,25,3,674
rnd,39,170,150,25,3,253
max,39,170,123,35,3,391
min,39,170,123,35,3,1513
rnd,39,170,123,35,3,1180
max,39,170,114,19,2,37
min,39,170,114,19,2,54
rnd,39,170,114,19,2,51
min,39,170,149,75,4,1721
rnd,39,170,149,75,4,1796
max,39,170,116,22,2,58
min,39,170,116,22,2,84
rnd,39,170,116,22,2,55
max,39,170,84,10,3,15
min,39,170,84,10,3,17
rnd,39,170,84,10,3,16
max,39,170,144,68,4,410
max,39,170,125,23,2,729
min,39,170,125,23,2,1763
rnd,39,170,125,23,2,1529
max,39,170,94,43,3,86
min,39,170,94,43,3,95
rnd,39,170,94,43,3,106
max,39,170,149,11,2,13
min,39,170,149,11,2,17
rnd,39,170,149,11,2,14
max,39,170,53,7,2,8
min,39,170,53,7,2,8
rnd,39,170,53,7,2,8
max,39,170,137,10,2,11
min,39,170,137,10,2,11
rnd,39,170,137,10,2,11
max,39,170,137,48,3,207
min,39,170,137,48,3,129
rnd,39,170,137,48,3,243
max,39,170,113,13,2,139
min,39,170,113,13,2,330
rnd,39,170,113,13,2,136
max,39,170,148,23,2,55
min,39,170,148,23,2,63
rnd,39,170,148,23,2,47
max,39,170,124,28,2,153
min,39,170,124,28,2,185
rnd,39,170,124,28,2,72
max,39,170,133,14,2,22
min,39,170,133,14,2,21
rnd,39,170,133,14,2,22
max,39,170,145,23,2,82
min,39,170,145,23,2,113
rnd,39,170,145,23,2,182
max,39,170,142,8,2,9
min,39,170,142,8,2,9
rnd,39,170,142,8,2,9
max,39,170,59,16,2,27
min,39,170,59,16,2,42
rnd,39,170,59,16,2,48
max,39,170,66,21,2,216
min,39,170,66,21,2,246
rnd,39,170,66,21,2,113
max,39,170,106,55,4,162
min,39,170,106,55,4,179
rnd,39,170,106,55,4,213
max,39,170,142,44,3,392
min,39,170,142,44,3,418
max,39,170,137,27,2,127
min,39,170,137,27,2,238
rnd,39,170,137,27,2,326
max,39,170,85,7,2,12
min,39,170,85,7,2,10
rnd,39,170,85,7,2,14
max,39,170,122,27,3,49
min,39,170,122,27,3,51
rnd,39,170,122,27,3,53
max,39,170,69,8,2,10
min,39,170,69,8,2,16
rnd,39,170,69,8,2,14
max,39,170,135,38,3,981
min,39,170,135,38,3,571
rnd,39,170,135,38,3,144
max,39,170,127,9,2,10
min,39,170,127,9,2,10
rnd,39,170,127,9,2,10
max,39,170,143,36,3,70
min,39,170,143,36,3,99
rnd,39,170,143,36,3,73
max,39,170,130,46,3,151
min,39,170,130,46,3,150
rnd,39,170,130,46,3,172
max,39,170,144,45,3,388
min,39,170,144,45,3,1015
rnd,39,170,144,45,3,395
max,39,170,122,23,2,46
min,39,170,122,23,2,66
rnd,39,170,122,23,2,53
max,39,170,125,61,4,205
min,39,170,125,61,4,191
rnd,39,170,125,61,4,388
max,39,170,99,7,2,8
min,39,170,99,7,2,8
rnd,39,170,99,7,2,8
max,39,170,124,21,3,49
min,39,170,124,21,3,95
rnd,39,170,124,21,3,84
max,39,170,131,29,3,82
min,39,170,131,29,3,497
rnd,39,170,131,29,3,451
max,39,170,107,22,2,128
min,39,170,107,22,2,212
rnd,39,170,107,22,2,392
max,39,170,141,11,2,20
min,39,170,141,11,2,21
rnd,39,170,141,11,2,17
max,39,170,136,41,3,909
min,39,170,136,41,3,2319
rnd,39,170,136,41,3,1069
max,39,170,136,31,3,126
min,39,170,136,31,3,175
rnd,39,170,136,31,3,106
max,39,170,95,17,2,59
min,39,170,95,17,2,109
rnd,39,170,95,17,2,75
max,39,170,67,6,2,7
min,39,170,67,6,2,7
rnd,39,170,67,6,2,7
max,39,170,117,9,2,10
min,39,170,117,9,2,13
rnd,39,170,117,9,2,10
max,39,170,66,9,2,35
min,39,170,66,9,2,33
rnd,39,170,66,9,2,25
max,39,170,55,4,2,5
min,39,170,55,4,2,5
rnd,39,170,55,4,2,5
max,39,170,133,12,2,13
min,39,170,133,12,2,15
rnd,39,170,133,12,2,14
max,39,170,131,21,2,53
min,39,170,131,21,2,83
rnd,39,170,131,21,2,82
max,39,170,150,30,2,64
min,39,170,150,30,2,75
rnd,39,170,150,30,2,79
max,39,170,148,31,3,128
min,39,170,148,31,3,129
rnd,39,170,148,31,3,127
max,39,170,71,5,2,6
min,39,170,71,5,2,6
rnd,39,170,71,5,2,6
max,39,170,97,36,3,433
min,39,170,97,36,3,1531
rnd,39,170,97,36,3,325
max,39,170,118,18,2,63
min,39,170,118,18,2,121
rnd,39,170,118,18,2,83
max,39,170,129,12,2,13
min,39,170,129,12,2,16
rnd,39,170,129,12,2,16
max,39,170,106,7,2,12
min,39,170,106,7,2,13
rnd,39,170,106,7,2,11
max,39,170,146,22,3,125
min,39,170,146,22,3,193
rnd,39,170,146,22,3,194
max,39,170,103,18,2,98
min,39,170,103,18,2,126
rnd,39,170,103,18,2,107
max,39,170,65,8,2,11
min,39,170,65,8,2,11
rnd,39,170,65,8,2,11
max,39,170,106,11,2,13
min,39,170,106,11,2,16
rnd,39,170,106,11,2,14
max,39,170,95,33,3,97
min,39,170,95,33,3,193
rnd,39,170,95,33,3,340
max,39,170,79,8,2,14
min,39,170,79,8,2,13
rnd,39,170,79,8,2,12
max,39,170,149,22,2,108
min,39,170,149,22,2,103
rnd,39,170,149,22,2,100
max,39,170,85,7,2,8
min,39,170,85,7,2,8
rnd,39,170,85,7,2,8
max,39,170,39,4,2,8
min,39,170,39,4,2,8
rnd,39,170,39,4,2,9
max,39,170,71,16,2,98
min,39,170,71,16,2,128
rnd,39,170,71,16,2,59
max,39,170,78,22,2,63
min,39,170,78,22,2,81
rnd,39,170,78,22,2,52
max,39,170,84,10,2,15
min,39,170,84,10,2,31
rnd,39,170,84,10,2,23
max,39,170,150,26,2,192
min,39,170,150,26,2,413
rnd,39,170,150,26,2,215
max,39,170,110,17,2,100
min,39,170,110,17,2,106
rnd,39,170,110,17,2,56
max,39,170,112,5,2,7
min,39,170,112,5,2,10
rnd,39,170,112,5,2,10
max,39,170,99,44,4,114
min,39,170,99,44,4,398
rnd,39,170,99,44,4,142
max,39,170,129,20,2,101
min,39,170,129,20,2,112
rnd,39,170,129,20,2,60
max,39,170,133,17,2,70
min,39,170,133,17,2,101
rnd,39,170,133,17,2,173
max,39,170,122,27,2,123
min,39,170,122,27,2,322
rnd,39,170,122,27,2,170
max,39,170,117,11,2,12
min,39,170,117,11,2,12
rnd,39,170,117,11,2,12
max,39,170,143,36,3,77
min,39,170,143,36,3,698
rnd,39,170,143,36,3,115
max,39,170,142,86,6,442
min,39,170,142,86,6,2200
rnd,39,170,142,86,6,2906
max,39,170,131,26,2,42
min,39,170,131,26,2,63
rnd,39,170,131,26,2,46
max,39,170,92,20,2,99
min,39,170,92,20,2,253
rnd,39,170,92,20,2,157
max,39,170,107,25,4,40
min,39,170,107,25,4,43
rnd,39,170,107,25,4,40
max,39,170,140,10,2,13
min,39,170,140,10,2,22
rnd,39,170,140,10,2,21
max,39,170,102,11,2,13
min,39,170,102,11,2,22
rnd,39,170,102,11,2,13
max,39,170,124,7,2,8
min,39,170,124,7,2,8
rnd,39,170,124,7,2,8
max,39,170,136,28,2,175
min,39,170,136,28,2,391
rnd,39,170,136,28,2,241
max,39,170,122,83,5,1439
min,39,170,122,83,5,1721
rnd,39,170,122,83,5,340
max,39,170,139,54,4,114
min,39,170,139,54,4,144
rnd,39,170,139,54,4,128
max,39,170,130,47,3,353
min,39,170,130,47,3,1482
max,39,170,144,12,2,21
min,39,170,144,12,2,28
rnd,39,170,144,12,2,17
max,39,170,103,12,2,13
min,39,170,103,12,2,13
rnd,39,170,103,12,2,13
max,39,170,80,20,2,44
min,39,170,80,20,2,45
rnd,39,170,80,20,2,52
max,39,170,133,28,3,62
min,39,170,133,28,3,110
rnd,39,170,133,28,3,121
max,39,170,126,26,2,84
min,39,170,126,26,2,109
rnd,39,170,126,26,2,89
max,39,170,132,40,4,92
min,39,170,132,40,4,139
rnd,39,170,132,40,4,136
max,39,170,147,50,4,127
min,39,170,147,50,4,359
rnd,39,170,147,50,4,178
max,39,170,89,35,3,80
min,39,170,89,35,3,108
rnd,39,170,89,35,3,121
max,39,170,84,21,2,64
min,39,170,84,21,2,80
rnd,39,170,84,21,2,69
max,39,170,137,21,3,98
min,39,170,137,21,3,230
rnd,39,170,137,21,3,120
max,39,170,93,49,3,89
min,39,170,93,49,3,170
rnd,39,170,93,49,3,141
max,39,170,45,3,2,4
min,39,170,45,3,2,4
rnd,39,170,45,3,2,4
max,39,170,140,21,2,82
min,39,170,140,21,2,93
rnd,39,170,140,21,2,96
max,39,170,46,5,2,7
min,39,170,46,5,2,10
rnd,39,170,46,5,2,8
max,39,170,111,9,2,18
min,39,170,111,9,2,28
rnd,39,170,111,9,2,15
max,39,170,140,22,2,59
min,39,170,140,22,2,61
rnd,39,170,140,22,2,72
max,39,170,140,10,2,15
min,39,170,140,10,2,15
rnd,39,170,140,10,2,13
max,39,170,120,35,3,312
min,39,170,120,35,3,783
rnd,39,170,120,35,3,324
max,39,170,103,6,2,9
min,39,170,103,6,2,13
rnd,39,170,103,6,2,13
max,39,170,126,8,2,10
min,39,170,126,8,2,16
rnd,39,170,126,8,2,14
max,39,170,100,22,2,44
min,39,170,100,22,2,86
rnd,39,170,100,22,2,42
max,39,170,125,7,2,10
min,39,170,125,7,2,12
rnd,39,170,125,7,2,12
max,39,170,121,25,2,58
min,39,170,121,25,2,130
rnd,39,170,121,25,2,110
max,39,170,144,12,2,41
min,39,170,144,12,2,45
rnd,39,170,144,12,2,26
max,39,170,146,12,2,13
min,39,170,146,12,2,13
rnd,39,170,146,12,2,13
max,39,170,76,7,2,8
min,39,170,76,7,2,10
rnd,39,170,76,7,2,8
max,39,170,123,64,4,1785
rnd,39,170,123,64,4,2363
max,39,170,130,69,4,291
min,39,170,130,69,4,513
rnd,39,170,130,69,4,459
max,39,170,127,32,3,105
min,39,170,127,32,3,121
rnd,39,170,127,32,3,108
max,39,170,107,36,2,104
min,39,170,107,36,2,188
rnd,39,170,107,36,2,158
max,39,170,125,21,2,48
min,39,170,125,21,2,94
rnd,39,170,125,21,2,106
max,39,170,144,61,4,1973
min,39,170,144,61,4,1028
rnd,39,170,144,61,4,2421
max,39,170,100,17,2,44
min,39,170,100,17,2,61
rnd,39,170,100,17,2,42
max,39,170,91,17,2,26
min,39,170,91,17,2,32
rnd,39,170,91,17,2,32
max,39,170,148,40,3,80
min,39,170,148,40,3,89
rnd,39,170,148,40,3,86
max,39,170,108,14,2,133
min,39,170,108,14,2,105
rnd,39,170,108,14,2,66
max,39,170,76,16,2,26
min,39,170,76,16,2,27
rnd,39,170,76,16,2,29
max,39,170,146,32,3,447
min,39,170,146,32,3,879
rnd,39,170,146,32,3,337
max,39,170,124,19,2,108
min,39,170,124,19,2,235
rnd,39,170,124,19,2,294
max,39,170,146,19,2,200
min,39,170,146,19,2,192
rnd,39,170,146,19,2,110
max,39,170,135,85,5,632
rnd,39,170,135,85,5,649
max,39,170,128,46,4,205
min,39,170,128,46,4,781
rnd,39,170,128,46,4,1951
max,39,170,112,70,5,695
rnd,39,170,112,70,5,1521
max,39,170,135,25,2,454
min,39,170,135,25,2,1370
rnd,39,170,135,25,2,796
max,39,170,66,16,2,50
min,39,170,66,16,2,55
rnd,39,170,66,16,2,92
max,39,170,146,8,2,9
min,39,170,146,8,2,9
rnd,39,170,146,8,2,9
max,39,170,40,7,2,12
min,39,170,40,7,2,21
rnd,39,170,40,7,2,14
max,39,170,134,65,4,618
min,39,170,134,65,4,1413
rnd,39,170,134,65,4,463
max,39,170,146,36,3,196
min,39,170,146,36,3,502
rnd,39,170,146,36,3,178
max,39,170,116,57,4,391
min,39,170,116,57,4,905
rnd,39,170,116,57,4,930
max,39,170,58,8,2,11
min,39,170,58,8,2,11
rnd,39,170,58,8,2,10
max,39,170,148,27,2,332
min,39,170,148,27,2,947
rnd,39,170,148,27,2,118
max,39,170,146,31,3,32
min,39,170,146,31,3,33
rnd,39,170,146,31,3,33
max,39,170,145,34,4,426
min,39,170,145,34,4,800
rnd,39,170,145,34,4,160
max,39,170,124,15,3,58
min,39,170,124,15,3,145
rnd,39,170,124,15,3,48
max,39,170,114,41,3,434
min,39,170,114,41,3,1714
rnd,39,170,114,41,3,1280
max,39,170,93,40,4,113
min,39,170,93,40,4,186
rnd,39,170,93,40,4,112
max,39,170,116,27,2,490
rnd,39,170,116,27,2,1981
max,39,170,117,22,3,42
min,39,170,117,22,3,48
rnd,39,170,117,22,3,52
max,39,170,135,35,3,456
min,39,170,135,35,3,1514
rnd,39,170,135,35,3,276
max,39,170,109,21,2,83
min,39,170,109,21,2,123
rnd,39,170,109,21,2,270
max,39,170,121,14,2,96
min,39,170,121,14,2,92
rnd,39,170,121,14,2,147
max,39,170,99,20,2,49
min,39,170,99,20,2,107
rnd,39,170,99,20,2,98
max,39,170,142,47,4,249
min,39,170,142,47,4,459
rnd,39,170,142,47,4,161
max,39,170,133,54,3,188
min,39,170,133,54,3,321
rnd,39,170,133,54,3,341
max,39,170,131,22,2,41
min,39,170,131,22,2,54
rnd,39,170,131,22,2,61
max,39,170,133,68,4,511
min,39,170,133,68,4,445
rnd,39,170,133,68,4,1992
max,39,170,125,43,3,193
min,39,170,125,43,3,216
rnd,39,170,125,43,3,229
max,39,170,122,30,3,831
min,39,170,122,30,3,820
rnd,39,170,122,30,3,158
max,39,170,141,20,2,391
min,39,170,141,20,2,810
rnd,39,170,141,20,2,236
max,39,170,125,51,3,135
min,39,170,125,51,3,164
rnd,39,170,125,51,3,354
max,39,170,144,28,2,99
min,39,170,144,28,2,234
rnd,39,170,144,28,2,238
max,39,170,122,7,2,13
min,39,170,122,7,2,14
rnd,39,170,122,7,2,12
max,39,170,142,47,4,106
min,39,170,142,47,4,392
rnd,39,170,142,47,4,109
max,39,170,132,27,2,652
min,39,170,132,27,2,743
rnd,39,170,132,27,2,661
max,39,170,65,20,2,69
min,39,170,65,20,2,64
rnd,39,170,65,20,2,47
max,39,170,86,22,2,83
min,39,170,86,22,2,98
rnd,39,170,86,22,2,102
max,39,170,79,11,2,27
min,39,170,79,11,2,32
rnd,39,170,79,11,2,33
max,39,170,138,70,5,202
min,39,170,138,70,5,1212
rnd,39,170,138,70,5,491
max,39,170,102,11,2,12
min,39,170,102,11,2,12
rnd,39,170,102,11,2,12
max,39,170,83,25,2,52
min,39,170,83,25,2,103
rnd,39,170,83,25,2,61
max,39,170,100,9,2,12
min,39,170,100,9,2,12
rnd,39,170,100,9,2,12
max,39,170,51,14,2,26
min,39,170,51,14,2,28
rnd,39,170,51,14,2,21
max,39,170,140,47,4,464
min,39,170,140,47,4,1617
rnd,39,170,140,47,4,186
max,39,170,84,18,2,33
min,39,170,84,18,2,39
rnd,39,170,84,18,2,47
max,39,170,149,41,3,636
min,39,170,149,41,3,1540
rnd,39,170,149,41,3,451
max,39,170,111,25,2,123
min,39,170,111,25,2,342
rnd,39,170,111,25,2,152
max,39,170,125,42,4,194
min,39,170,125,42,4,691
rnd,39,170,125,42,4,1393
max,39,170,30,5,2,8
min,39,170,30,5,2,13
rnd,39,170,30,5,2,12
max,39,170,111,17,3,60
min,39,170,111,17,3,97
rnd,39,170,111,17,3,85
max,39,170,131,27,2,147
min,39,170,131,27,2,207
rnd,39,170,131,27,2,79
max,39,170,138,16,2,131
min,39,170,138,16,2,106
rnd,39,170,138,16,2,183
max,39,170,123,18,2,25
min,39,170,123,18,2,57
rnd,39,170,123,18,2,33
max,39,170,141,25,3,113
min,39,170,141,25,3,168
rnd,39,170,141,25,3,101
max,39,170,97,28,2,251
min,39,170,97,28,2,443
rnd,39,170,97,28,2,241
max,39,170,134,45,3,745
min,39,170,134,45,3,1632
rnd,39,170,134,45,3,2231
max,39,170,104,55,4,169
min,39,170,104,55,4,322
rnd,39,170,104,55,4,257
max,39,170,124,7,2,9
min,39,170,124,7,2,14
rnd,39,170,124,7,2,9
max,39,170,109,19,2,34
min,39,170,109,19,2,35
rnd,39,170,109,19,2,33
max,39,170,137,42,3,218
min,39,170,137,42,3,433
rnd,39,170,137,42,3,287
max,39,170,125,25,2,111
min,39,170,125,25,2,118
rnd,39,170,125,25,2,109
max,39,170,148,73,4,266
min,39,170,148,73,4,840
rnd,39,170,148,73,4,216
max,39,170,143,50,3,968
min,39,170,143,50,3,1892
rnd,39,170,143,50,3,585
max,39,170,135,38,4,183
min,39,170,135,38,4,255
rnd,39,170,135,38,4,362
max,39,170,105,25,2,101
min,39,170,105,25,2,290
rnd,39,170,105,25,2,181
max,39,170,100,45,3,1780
max,39,170,75,19,2,126
min,39,170,75,19,2,221
rnd,39,170,75,19,2,112
max,39,170,129,15,2,18
min,39,170,129,15,2,18
rnd,39,170,129,15,2,19
max,39,170,108,11,2,17
min,39,170,108,11,2,20
rnd,39,170,108,11,2,17
max,39,170,113,35,3,223
min,39,170,113,35,3,346
rnd,39,170,113,35,3,450
max,39,170,115,38,3,183
min,39,170,115,38,3,872
rnd,39,170,115,38,3,196
max,39,170,122,19,2,90
min,39,170,122,19,2,125
rnd,39,170,122,19,2,74
max,39,170,126,39,3,1601
rnd,39,170,126,39,3,651
max,39,170,142,108,6,1904
max,39,170,106,9,2,10
min,39,170,106,9,2,12
rnd,39,170,106,9,2,12
max,39,170,99,26,2,102
min,39,170,99,26,2,194
rnd,39,170,99,26,2,78
max,39,170,129,24,2,250
min,39,170,129,24,2,418
rnd,39,170,129,24,2,364
max,39,170,102,8,2,11
min,39,170,102,8,2,21
rnd,39,170,102,8,2,12
max,39,170,94,11,2,12
min,39,170,94,11,2,13
rnd,39,170,94,11,2,12
min,39,170,134,61,4,2532
max,39,170,133,28,2,81
min,39,170,133,28,2,102
rnd,39,170,133,28,2,68
max,39,170,136,25,2,98
min,39,170,136,25,2,126
rnd,39,170,136,25,2,96
max,39,170,117,6,2,7
min,39,170,117,6,2,9
rnd,39,170,117,6,2,8
max,39,170,128,46,3,444
min,39,170,128,46,3,249
rnd,39,170,128,46,3,254
max,39,170,113,56,5,178
min,39,170,113,56,5,376
rnd,39,170,113,56,5,217
max,39,170,116,8,2,9
min,39,170,116,8,2,12
rnd,39,170,116,8,2,11
max,39,170,136,38,3,298
min,39,170,136,38,3,513
rnd,39,170,136,38,3,156
max,39,170,114,22,2,69
min,39,170,114,22,2,108
rnd,39,170,114,22,2,113
max,39,170,80,7,2,16
min,39,170,80,7,2,29
rnd,39,170,80,7,2,17
max,39,170,102,15,2,50
min,39,170,102,15,2,93
rnd,39,170,102,15,2,55
max,39,170,90,23,2,43
min,39,170,90,23,2,56
rnd,39,170,90,23,2,57
max,39,170,149,17,3,24
min,39,170,149,17,3,33
rnd,39,170,149,17,3,30
max,39,170,117,27,2,229
min,39,170,117,27,2,658
rnd,39,170,117,27,2,187
max,39,170,127,22,2,56
min,39,170,127,22,2,95
rnd,39,170,127,22,2,98
max,39,170,138,33,3,785
rnd,39,170,138,33,3,764
max,39,170,89,10,2,11
min,39,170,89,10,2,12
rnd,39,170,89,10,2,11
max,39,170,82,8,2,21
min,39,170,82,8,2,18
rnd,39,170,82,8,2,16
max,39,170,143,52,3,355
min,39,170,143,52,3,369
rnd,39,170,143,52,3,475
max,39,170,89,22,2,181
min,39,170,89,22,2,327
rnd,39,170,89,22,2,1125
max,39,170,127,8,2,9
min,39,170,127,8,2,15
rnd,39,170,127,8,2,11
max,39,170,144,26,2,486
min,39,170,144,26,2,970
rnd,39,170,144,26,2,414
max,39,170,98,17,2,33
min,39,170,98,17,2,59
rnd,39,170,98,17,2,43
max,39,170,78,13,2,58
min,39,170,78,13,2,57
rnd,39,170,78,13,2,52
max,39,170,147,10,2,11
min,39,170,147,10,2,11
rnd,39,170,147,10,2,11
max,39,170,142,72,5,330
min,39,170,142,72,5,611
rnd,39,170,142,72,5,496
max,39,170,132,29,3,75
min,39,170,132,29,3,132
rnd,39,170,132,29,3,111
max,39,170,123,13,2,16
min,39,170,123,13,2,16
rnd,39,170,123,13,2,18
max,39,170,73,11,3,12
min,39,170,73,11,3,12
rnd,39,170,73,11,3,12
max,39,170,118,10,2,16
min,39,170,118,10,2,21
rnd,39,170,118,10,2,13
max,39,170,104,13,2,14
min,39,170,104,13,2,16
rnd,39,170,104,13,2,14
max,39,170,150,65,4,284
min,39,170,150,65,4,503
rnd,39,170,150,65,4,468
max,39,170,126,23,2,191
min,39,170,126,23,2,121
rnd,39,170,126,23,2,97
max,39,170,95,14,2,20
min,39,170,95,14,2,20
rnd,39,170,95,14,2,19
max,39,170,101,18,2,90
min,39,170,101,18,2,128
rnd,39,170,101,18,2,164
max,39,170,129,40,3,361
min,39,170,129,40,3,850
rnd,39,170,129,40,3,449
max,39,170,111,45,4,616
min,39,170,111,45,4,1255
rnd,39,170,111,45,4,318
max,39,170,104,25,2,56
min,39,170,104,25,2,71
rnd,39,170,104,25,2,52
max,39,170,93,18,2,126
min,39,170,93,18,2,164
rnd,39,170,93,18,2,78
max,39,170,93,22,2,225
min,39,170,93,22,2,682
rnd,39,170,93,22,2,127
max,39,170,133,10,2,12
min,39,170,133,10,2,19
rnd,39,170,133,10,2,16
max,39,170,101,31,3,57
min,39,170,101,31,3,225
rnd,39,170,101,31,3,83
max,39,170,127,40,3,166
min,39,170,127,40,3,844
rnd,39,170,127,40,3,221
max,39,170,81,7,2,18
min,39,170,81,7,2,23
rnd,39,170,81,7,2,19
max,39,170,147,19,2,83
min,39,170,147,19,2,96
rnd,39,170,147,19,2,50
max,39,170,145,94,6,772
min,39,170,145,94,6,945
rnd,39,170,145,94,6,803
max,39,170,113,24,2,154
min,39,170,113,24,2,217
rnd,39,170,113,24,2,81
max,39,170,93,9,2,12
min,39,170,93,9,2,18
rnd,39,170,93,9,2,15
max,39,170,107,21,2,54
min,39,170,107,21,2,148
rnd,39,170,107,21,2,205
max,39,170,146,49,3,144
min,39,170,146,49,3,172
rnd,39,170,146,49,3,113
max,39,170,128,26,2,242
min,39,170,128,26,2,456
rnd,39,170,128,26,2,338
max,39,170,138,9,2,11
min,39,170,138,9,2,18
rnd,39,170,138,9,2,17
max,39,170,69,18,2,52
min,39,170,69,18,2,49
rnd,39,170,69,18,2,35
max,39,170,108,26,2,203
min,39,170,108,26,2,334
rnd,39,170,108,26,2,359
max,39,170,149,65,4,676
rnd,39,170,149,65,4,490
max,39,170,125,9,2,14
min,39,170,125,9,2,13
rnd,39,170,125,9,2,13
max,39,170,134,19,3,23
min,39,170,134,19,3,31
rnd,39,170,134,19,3,29
max,39,170,128,11,2,16
min,39,170,128,11,2,20
rnd,39,170,128,11,2,25
max,39,170,112,18,2,42
min,39,170,112,18,2,53
rnd,39,170,112,18,2,50
max,39,170,149,64,4,338
min,39,170,149,64,4,990
max,39,170,132,27,2,492
rnd,39,170,132,27,2,641
max,39,170,125,53,4,128
min,39,170,125,53,4,120
rnd,39,170,125,53,4,152
max,39,170,133,56,3,283
min,39,170,133,56,3,563
rnd,39,170,133,56,3,302
max,39,170,149,12,2,13
min,39,170,149,12,2,14
rnd,39,170,149,12,2,13
max,39,170,116,10,2,23
min,39,170,116,10,2,19
rnd,39,170,116,10,2,15
max,39,170,123,29,3,469
min,39,170,123,29,3,953
rnd,39,170,123,29,3,223
max,39,170,52,6,2,15
min,39,170,52,6,2,17
rnd,39,170,52,6,2,14
max,39,170,131,24,2,226
min,39,170,131,24,2,691
rnd,39,170,131,24,2,172
max,39,170,143,11,2,13
min,39,170,143,11,2,13
rnd,39,170,143,11,2,13
max,39,170,133,27,2,176
min,39,170,133,27,2,383
rnd,39,170,133,27,2,383
max,39,170,98,22,2,189
min,39,170,98,22,2,169
rnd,39,170,98,22,2,105
max,39,170,134,46,4,123
min,39,170,134,46,4,220
rnd,39,170,134,46,4,123
max,39,170,138,36,3,2580
rnd,39,170,138,36,3,3321
max,39,170,95,23,2,234
min,39,170,95,23,2,356
rnd,39,170,95,23,2,187
max,39,170,143,35,2,103
min,39,170,143,35,2,182
rnd,39,170,143,35,2,118
max,39,170,133,16,2,24
min,39,170,133,16,2,23
rnd,39,170,133,16,2,28
max,39,170,136,31,3,57
min,39,170,136,31,3,96
rnd,39,170,136,31,3,54
max,39,170,125,29,2,194
min,39,170,125,29,2,329
rnd,39,170,125,29,2,177
max,39,170,125,24,2,63
min,39,170,125,24,2,211
rnd,39,170,125,24,2,50
max,39,170,103,25,2,55
min,39,170,103,25,2,117
rnd,39,170,103,25,2,121
max,39,170,122,33,3,146
min,39,170,122,33,3,288
rnd,39,170,122,33,3,246
max,39,170,65,19,2,110
min,39,170,65,19,2,138
rnd,39,170,65,19,2,95
max,39,170,124,39,3,119
min,39,170,124,39,3,390
rnd,39,170,124,39,3,161
max,39,170,113,31,2,167
min,39,170,113,31,2,185
rnd,39,170,113,31,2,128
max,39,170,125,26,2,77
min,39,170,125,26,2,114
rnd,39,170,125,26,2,95
max,39,170,101,22,2,76
min,39,170,101,22,2,99
rnd,39,170,101,22,2,285
max,39,170,145,9,2,10
min,39,170,145,9,2,11
rnd,39,170,145,9,2,12
max,39,170,132,12,2,13
min,39,170,132,12,2,13
rnd,39,170,132,12,2,13
max,39,170,93,22,2,48
min,39,170,93,22,2,112
rnd,39,170,93,22,2,58
max,39,170,122,14,2,42
min,39,170,122,14,2,33
rnd,39,170,122,14,2,44
max,39,170,128,10,2,13
min,39,170,128,10,2,26
rnd,39,170,128,10,2,17
max,39,170,84,8,2,12
min,39,170,84,8,2,18
rnd,39,170,84,8,2,12
max,39,170,89,9,2,10
min,39,170,89,9,2,15
rnd,39,170,89,9,2,10
max,39,170,113,22,2,91
min,39,170,113,22,2,102
rnd,39,170,113,22,2,76
max,39,170,105,18,3,60
min,39,170,105,18,3,128
rnd,39,170,105,18,3,119
max,39,170,130,19,2,54
min,39,170,130,19,2,59
rnd,39,170,130,19,2,53
max,39,170,146,28,2,67
min,39,170,146,28,2,109
rnd,39,170,146,28,2,64
max,39,170,144,67,5,203
min,39,170,144,67,5,482
rnd,39,170,144,67,5,323
max,39,170,99,8,2,9
min,39,170,99,8,2,9
rnd,39,170,99,8,2,9
max,39,170,93,11,2,13
min,39,170,93,11,2,13
rnd,39,170,93,11,2,19
max,39,170,120,21,2,39
min,39,170,120,21,2,86
rnd,39,170,120,21,2,62
max,39,170,104,43,4,130
min,39,170,104,43,4,228
rnd,39,170,104,43,4,457
max,39,170,124,20,2,57
min,39,170,124,20,2,97
rnd,39,170,124,20,2,91
max,39,170,79,11,2,14
min,39,170,79,11,2,18
rnd,39,170,79,11,2,13
max,39,170,136,56,3,361
min,39,170,136,56,3,2077
rnd,39,170,136,56,3,372
max,39,170,141,11,2,14
min,39,170,141,11,2,14
rnd,39,170,141,11,2,23
max,39,170,100,8,2,11
min,39,170,100,8,2,15
rnd,39,170,100,8,2,17
max,39,170,143,13,2,26
min,39,170,143,13,2,23
rnd,39,170,143,13,2,35
max,39,170,146,32,3,174
min,39,170,146,32,3,1669
rnd,39,170,146,32,3,441
max,39,170,150,49,3,365
min,39,170,150,49,3,1405
rnd,39,170,150,49,3,834
max,39,170,127,8,2,9
min,39,170,127,8,2,10
rnd,39,170,127,8,2,13
max,39,170,102,10,2,12
min,39,170,102,10,2,15
rnd,39,170,102,10,2,12
max,39,170,134,32,3,165
min,39,170,134,32,3,415
rnd,39,170,134,32,3,1086
max,39,170,149,12,2,18
min,39,170,149,12,2,21
rnd,39,170,149,12,2,17
max,39,170,132,9,2,14
min,39,170,132,9,2,14
rnd,39,170,132,9,2,12
max,39,170,145,54,3,376
min,39,170,145,54,3,869
max,39,170,105,12,2,15
min,39,170,105,12,2,20
rnd,39,170,105,12,2,15
max,39,170,107,27,2,96
min,39,170,107,27,2,171
rnd,39,170,107,27,2,157
max,39,170,145,39,3,120
min,39,170,145,39,3,206
rnd,39,170,145,39,3,305
max,39,170,108,5,2,6
min,39,170,108,5,2,6
rnd,39,170,108,5,2,6
max,39,170,106,12,2,23
min,39,170,106,12,2,25
rnd,39,170,106,12,2,22
max,39,170,112,10,2,14
min,39,170,112,10,2,15
rnd,39,170,112,10,2,16
max,39,170,111,42,4,170
min,39,170,111,42,4,1258
rnd,39,170,111,42,4,119
max,39,170,64,17,2,34
min,39,170,64,17,2,56
rnd,39,170,64,17,2,92
max,39,170,98,52,4,438
min,39,170,98,52,4,1124
rnd,39,170,98,52,4,795
max,39,170,132,76,4,915
min,39,170,132,76,4,1528
max,39,170,144,19,2,30
min,39,170,144,19,2,30
rnd,39,170,144,19,2,32
max,39,170,94,18,2,36
min,39,170,94,18,2,45
rnd,39,170,94,18,2,36
max,39,170,133,60,3,176
min,39,170,133,60,3,269
rnd,39,170,133,60,3,196
max,39,170,66,22,2,77
min,39,170,66,22,2,99
rnd,39,170,66,22,2,72
max,39,170,91,21,3,27
min,39,170,91,21,3,41
rnd,39,170,91,21,3,30
max,39,170,90,22,2,59
min,39,170,90,22,2,59
rnd,39,170,90,22,2,51
max,39,170,136,42,3,685
min,39,170,136,42,3,907
rnd,39,170,136,42,3,745
max,39,170,105,7,2,11
min,39,170,105,7,2,16
rnd,39,170,105,7,2,12
max,39,170,100,38,3,182
min,39,170,100,38,3,207
rnd,39,170,100,38,3,152
max,39,170,107,23,2,31
min,39,170,107,23,2,40
rnd,39,170,107,23,2,33
max,39,170,136,63,4,336
rnd,39,170,136,63,4,1542
max,39,170,108,18,2,32
min,39,170,108,18,2,35
rnd,39,170,108,18,2,36
max,39,170,106,18,3,33
min,39,170,106,18,3,55
rnd,39,170,106,18,3,57
max,39,170,118,38,4,306
min,39,170,118,38,4,672
rnd,39,170,118,38,4,413
max,39,170,128,39,3,361
min,39,170,128,39,3,720
rnd,39,170,128,39,3,202
max,39,170,111,8,2,13
min,39,170,111,8,2,18
rnd,39,170,111,8,2,18
max,39,170,66,15,2,39
min,39,170,66,15,2,40
rnd,39,170,66,15,2,35
max,39,170,118,23,3,237
min,39,170,118,23,3,718
rnd,39,170,118,23,3,186
max,39,170,135,92,6,400
rnd,39,170,135,92,6,1743
max,39,170,125,29,4,103
min,39,170,125,29,4,158
rnd,39,170,125,29,4,62
max,39,170,143,40,3,356
min,39,170,143,40,3,812
rnd,39,170,143,40,3,206
max,39,170,135,25,2,255
min,39,170,135,25,2,413
rnd,39,170,135,25,2,96
max,39,170,86,14,2,15
min,39,170,86,14,2,15
rnd,39,170,86,14,2,15
max,39,170,96,16,2,17
min,39,170,96,16,2,17
rnd,39,170,96,16,2,17
max,39,170,139,43,4,44
min,39,170,139,43,4,44
rnd,39,170,139,43,4,44
max,39,170,116,21,2,45
min,39,170,116,21,2,54
rnd,39,170,116,21,2,59
max,39,170,123,21,2,230
min,39,170,123,21,2,334
rnd,39,170,123,21,2,109
max,39,170,106,42,3,204
min,39,170,106,42,3,434
rnd,39,170,106,42,3,277
max,39,170,84,10,2,41
min,39,170,84,10,2,37
rnd,39,170,84,10,2,35
max,39,170,142,66,5,156
min,39,170,142,66,5,419
rnd,39,170,142,66,5,337
max,39,170,114,19,2,30
min,39,170,114,19,2,65
rnd,39,170,114,19,2,53
max,39,170,123,16,2,32
min,39,170,123,16,2,104
rnd,39,170,123,16,2,40
max,39,170,120,55,5,171
min,39,170,120,55,5,246
rnd,39,170,120,55,5,908
max,39,170,92,14,2,40
min,39,170,92,14,2,34
rnd,39,170,92,14,2,57
max,39,170,138,75,4,1386
min,39,170,138,75,4,879
rnd,39,170,138,75,4,1002
max,39,170,137,17,2,24
min,39,170,137,17,2,32
rnd,39,170,137,17,2,19
max,39,170,94,14,2,39
min,39,170,94,14,2,121
rnd,39,170,94,14,2,113
max,39,170,100,34,3,60
min,39,170,100,34,3,78
rnd,39,170,100,34,3,64
max,39,170,138,22,3,43
min,39,170,138,22,3,65
rnd,39,170,138,22,3,45
max,39,170,80,24,2,130
min,39,170,80,24,2,215
rnd,39,170,80,24,2,92
max,39,170,103,20,2,35
min,39,170,103,20,2,39
rnd,39,170,103,20,2,39
max,39,170,136,23,2,51
min,39,170,136,23,2,77
rnd,39,170,136,23,2,98
max,39,170,147,14,2,82
min,39,170,147,14,2,70
rnd,39,170,147,14,2,92
max,39,170,149,38,4,125
min,39,170,149,38,4,641
rnd,39,170,149,38,4,103
max,39,170,117,43,4,292
min,39,170,117,43,4,661
rnd,39,170,117,43,4,243
max,39,170,90,11,2,12
min,39,170,90,11,2,12
rnd,39,170,90,11,2,12
max,39,170,99,26,3,45
min,39,170,99,26,3,56
rnd,39,170,99,26,3,59
max,39,170,104,8,2,23
min,39,170,104,8,2,20
rnd,39,170,104,8,2,16
max,39,170,146,64,4,508
min,39,170,146,64,4,468
rnd,39,170,146,64,4,373
max,39,170,91,8,2,11
min,39,170,91,8,2,17
rnd,39,170,91,8,2,15
max,39,170,118,47,3,116
min,39,170,118,47,3,145
rnd,39,170,118,47,3,115
max,39,170,96,17,3,24
min,39,170,96,17,3,35
rnd,39,170,96,17,3,27
max,39,170,124,44,3,282
min,39,170,124,44,3,221
rnd,39,170,124,44,3,236
max,39,170,124,50,3,220
min,39,170,124,50,3,404
rnd,39,170,124,50,3,2609
max,39,170,147,19,3,20
min,39,170,147,19,3,26
rnd,39,170,147,19,3,24
max,39,170,139,61,4,184
min,39,170,139,61,4,274
rnd,39,170,139,61,4,462
max,39,170,109,25,2,201
min,39,170,109,25,2,232
rnd,39,170,109,25,2,215
max,39,170,129,25,3,187
min,39,170,129,25,3,121
rnd,39,170,129,25,3,106
max,39,170,101,26,2,218
min,39,170,101,26,2,251
rnd,39,170,101,26,2,110
max,39,170,127,11,2,13
min,39,170,127,11,2,13
rnd,39,170,127,11,2,13
max,39,170,145,10,2,11
min,39,170,145,10,2,20
rnd,39,170,145,10,2,15
max,39,170,97,20,2,109
min,39,170,97,20,2,181
rnd,39,170,97,20,2,230
max,39,170,50,6,2,7
min,39,170,50,6,2,8
rnd,39,170,50,6,2,8
max,39,170,141,27,2,193
min,39,170,141,27,2,444
rnd,39,170,141,27,2,244
max,39,170,73,8,2,9
min,39,170,73,8,2,16
rnd,39,170,73,8,2,11
max,39,170,142,58,4,233
min,39,170,142,58,4,831
rnd,39,170,142,58,4,380
max,39,170,112,18,2,33
min,39,170,112,18,2,92
rnd,39,170,112,18,2,44
max,39,170,137,24,2,785
rnd,39,170,137,24,2,468
max,39,170,73,17,2,38
min,39,170,73,17,2,38
rnd,39,170,73,17,2,41
max,39,170,83,25,2,95
min,39,170,83,25,2,147
rnd,39,170,83,25,2,130
max,39,170,53,16,2,25
min,39,170,53,16,2,29
rnd,39,170,53,16,2,25
max,39,170,125,53,4,393
min,39,170,125,53,4,1049
rnd,39,170,125,53,4,799
max,39,170,74,20,2,282
min,39,170,74,20,2,531
rnd,39,170,74,20,2,185
max,39,170,81,11,2,28
min,39,170,81,11,2,26
rnd,39,170,81,11,2,23
max,39,170,133,27,2,352
min,39,170,133,27,2,738
rnd,39,170,133,27,2,513
max,39,170,134,45,3,1926
min,39,170,134,45,3,649
rnd,39,170,134,45,3,683
max,39,170,52,7,2,8
min,39,170,52,7,2,11
rnd,39,170,52,7,2,9
max,39,170,96,10,2,12
min,39,170,96,10,2,20
rnd,39,170,96,10,2,12
min,39,170,139,50,2,1525
max,39,170,90,25,2,72
min,39,170,90,25,2,83
rnd,39,170,90,25,2,155
max,39,170,143,91,5,307
min,39,170,143,91,5,745
rnd,39,170,143,91,5,867
max,39,170,145,27,2,721
min,39,170,145,27,2,1552
rnd,39,170,145,27,2,1142
max,39,170,134,33,3,1328
min,39,170,134,33,3,2701
rnd,39,170,134,33,3,748
max,39,170,139,24,2,375
min,39,170,139,24,2,905
rnd,39,170,139,24,2,242
max,39,170,113,11,2,16
min,39,170,113,11,2,31
rnd,39,170,113,11,2,29
max,39,170,126,7,2,13
min,39,170,126,7,2,16
rnd,39,170,126,7,2,15
max,39,170,141,47,3,310
min,39,170,141,47,3,414
rnd,39,170,141,47,3,472
max,39,170,125,69,4,759
min,39,170,125,69,4,472
rnd,39,170,125,69,4,650
max,39,170,125,27,3,59
min,39,170,125,27,3,72
rnd,39,170,125,27,3,108
max,39,170,149,56,5,221
min,39,170,149,56,5,693
rnd,39,170,149,56,5,571
max,39,170,105,35,2,167
min,39,170,105,35,2,363
rnd,39,170,105,35,2,500
max,39,170,142,10,2,15
min,39,170,142,10,2,21
rnd,39,170,142,10,2,20
max,39,170,123,93,5,979
max,39,170,59,7,2,8
min,39,170,59,7,2,8
rnd,39,170,59,7,2,8
max,39,170,150,24,2,63
min,39,170,150,24,2,245
rnd,39,170,150,24,2,64
max,39,170,81,18,2,57
min,39,170,81,18,2,55
rnd,39,170,81,18,2,47
max,39,170,94,10,2,40
min,39,170,94,10,2,42
rnd,39,170,94,10,2,24
max,39,170,149,50,4,125
min,39,170,149,50,4,194
rnd,39,170,149,50,4,424
max,39,170,134,41,3,111
min,39,170,134,41,3,144
rnd,39,170,134,41,3,104
max,39,170,94,14,2,21
min,39,170,94,14,2,22
rnd,39,170,94,14,2,17
max,39,170,136,31,3,381
min,39,170,136,31,3,1474
rnd,39,170,136,31,3,169
max,39,170,119,13,2,18
min,39,170,119,13,2,19
rnd,39,170,119,13,2,18
max,39,170,139,12,2,16
min,39,170,139,12,2,22
rnd,39,170,139,12,2,25
max,39,170,62,3,2,5
min,39,170,62,3,2,6
rnd,39,170,62,3,2,6
max,39,170,130,27,2,187
min,39,170,130,27,2,441
rnd,39,170,130,27,2,731
rnd,39,170,144,50,2,1768
max,39,170,135,21,2,115
min,39,170,135,21,2,241
rnd,39,170,135,21,2,547
max,39,170,146,57,4,118
min,39,170,146,57,4,128
rnd,39,170,146,57,4,116
max,39,170,137,24,2,83
min,39,170,137,24,2,113
rnd,39,170,137,24,2,41
max,39,170,107,11,2,17
min,39,170,107,11,2,20
rnd,39,170,107,11,2,24
max,39,170,115,10,2,15
min,39,170,115,10,2,30
rnd,39,170,115,10,2,30
max,39,170,99,7,2,11
min,39,170,99,7,2,14
rnd,39,170,99,7,2,13
max,39,170,106,12,2,21
min,39,170,106,12,2,20
rnd,39,170,106,12,2,17
max,39,170,53,7,2,8
min,39,170,53,7,2,8
rnd,39,170,53,7,2,8
min,39,170,137,54,3,2115
rnd,39,170,137,54,3,1602
max,39,170,112,8,2,10
min,39,170,112,8,2,16
rnd,39,170,112,8,2,11
max,39,170,130,25,2,56
min,39,170,130,25,2,110
rnd,39,170,130,25,2,82
max,39,170,74,7,2,8
min,39,170,74,7,2,8
rnd,39,170,74,7,2,8
max,39,170,118,19,2,310
min,39,170,118,19,2,542
rnd,39,170,118,19,2,361
max,39,170,103,10,2,17
min,39,170,103,10,2,16
rnd,39,170,103,10,2,14
max,39,170,135,30,3,116
min,39,170,135,30,3,179
rnd,39,170,135,30,3,223
max,39,170,139,11,2,12
min,39,170,139,11,2,14
rnd,39,170,139,11,2,13
max,39,170,125,85,5,715
min,39,170,125,85,5,1538
max,39,170,124,26,2,365
min,39,170,124,26,2,801
rnd,39,170,124,26,2,360
max,39,170,136,34,3,99
min,39,170,136,34,3,117
rnd,39,170,136,34,3,107
max,39,170,27,4,2,5
min,39,170,27,4,2,5
rnd,39,170,27,4,2,5
max,39,170,101,15,2,24
min,39,170,101,15,2,32
rnd,39,170,101,15,2,34
max,39,170,143,25,2,93
min,39,170,143,25,2,224
rnd,39,170,143,25,2,150
max,39,170,117,13,2,30
min,39,170,117,13,2,29
rnd,39,170,117,13,2,15
max,39,170,70,17,2,32
min,39,170,70,17,2,36
rnd,39,170,70,17,2,28
max,39,170,81,17,2,42
min,39,170,81,17,2,41
rnd,39,170,81,17,2,45
max,39,170,150,21,2,111
min,39,170,150,21,2,119
rnd,39,170,150,21,2,130
max,39,170,71,9,2,10
min,39,170,71,9,2,11
rnd,39,170,71,9,2,11
max,39,170,144,47,3,114
min,39,170,144,47,3,169
rnd,39,170,144,47,3,208
max,39,170,45,15,2,33
min,39,170,45,15,2,43
rnd,39,170,45,15,2,39
max,39,170,103,15,2,63
min,39,170,103,15,2,218
rnd,39,170,103,15,2,109
max,39,170,56,8,2,13
min,39,170,56,8,2,24
rnd,39,170,56,8,2,13
max,39,170,91,29,3,373
min,39,170,91,29,3,573
rnd,39,170,91,29,3,326
max,39,170,145,10,2,11
min,39,170,145,10,2,11
rnd,39,170,145,10,2,11
max,39,170,143,29,2,366
min,39,170,143,29,2,830
rnd,39,170,143,29,2,582
max,39,170,58,5,2,8
min,39,170,58,5,2,8
rnd,39,170,58,5,2,7
max,39,170,128,36,3,171
min,39,170,128,36,3,479
rnd,39,170,128,36,3,198
max,39,170,110,20,3,30
min,39,170,110,20,3,40
rnd,39,170,110,20,3,30
max,39,170,96,7,2,8
min,39,170,96,7,2,8
rnd,39,170,96,7,2,8
max,39,170,86,14,2,30
min,39,170,86,14,2,26
rnd,39,170,86,14,2,22
max,39,170,110,9,2,15
min,39,170,110,9,2,17
rnd,39,170,110,9,2,19
max,39,170,105,16,2,43
min,39,170,105,16,2,63
rnd,39,170,105,16,2,78
max,39,170,121,25,2,46
min,39,170,121,25,2,68
rnd,39,170,121,25,2,100
max,39,170,103,36,3,111
min,39,170,103,36,3,129
rnd,39,170,103,36,3,429
max,39,170,124,9,2,13
min,39,170,124,9,2,15
rnd,39,170,124,9,2,17
max,39,170,105,15,3,16
min,39,170,105,15,3,16
rnd,39,170,105,15,3,16
max,39,170,142,27,2,218
min,39,170,142,27,2,443
rnd,39,170,142,27,2,114
max,39,170,132,30,3,389
min,39,170,132,30,3,424
rnd,39,170,132,30,3,369
max,39,170,58,15,2,39
min,39,170,58,15,2,90
rnd,39,170,58,15,2,89
max,39,170,69,24,2,49
min,39,170,69,24,2,63
rnd,39,170,69,24,2,60
max,39,170,148,40,3,98
min,39,170,148,40,3,152
rnd,39,170,148,40,3,101
max,39,170,119,10,2,11
min,39,170,119,10,2,13
rnd,39,170,119,10,2,12
max,39,170,136,19,2,39
min,39,170,136,19,2,87
rnd,39,170,136,19,2,94
max,39,170,122,43,3,411
min,39,170,122,43,3,437
rnd,39,170,122,43,3,228
rnd,39,170,138,75,5,600
max,39,170,77,10,2,14
min,39,170,77,10,2,15
rnd,39,170,77,10,2,17
max,39,170,120,26,2,80
min,39,170,120,26,2,145
rnd,39,170,120,26,2,158
max,39,170,132,71,5,1309
rnd,39,170,132,71,5,913
max,39,170,138,18,3,20
min,39,170,138,18,3,51
rnd,39,170,138,18,3,39
max,39,170,136,54,3,204
min,39,170,136,54,3,227
rnd,39,170,136,54,3,453
max,39,170,67,4,2,6
min,39,170,67,4,2,10
rnd,39,170,67,4,2,7
max,39,170,109,26,2,80
min,39,170,109,26,2,167
rnd,39,170,109,26,2,100
max,39,170,149,77,5,688
max,39,170,79,11,2,19
min,39,170,79,11,2,19
rnd,39,170,79,11,2,21
max,39,170,110,9,2,12
min,39,170,110,9,2,18
rnd,39,170,110,9,2,12
max,39,170,86,12,2,20
min,39,170,86,12,2,21
rnd,39,170,86,12,2,18
max,39,170,142,26,2,39
min,39,170,142,26,2,44
rnd,39,170,142,26,2,53
max,39,170,113,47,3,119
min,39,170,113,47,3,139
rnd,39,170,113,47,3,122
rnd,39,170,121,39,4,1504
max,39,170,148,33,3,61
min,39,170,148,33,3,65
rnd,39,170,148,33,3,60
max,39,170,94,24,2,385
min,39,170,94,24,2,1083
rnd,39,170,94,24,2,189
max,39,170,142,10,2,23
min,39,170,142,10,2,22
rnd,39,170,142,10,2,25
max,39,170,118,19,2,83
min,39,170,118,19,2,100
rnd,39,170,118,19,2,98
max,39,170,120,34,3,104
min,39,170,120,34,3,190
rnd,39,170,120,34,3,111
max,39,170,112,12,2,41
min,39,170,112,12,2,46
rnd,39,170,112,12,2,41
max,39,170,139,18,2,208
min,39,170,139,18,2,256
rnd,39,170,139,18,2,173
max,39,170,90,10,2,29
min,39,170,90,10,2,32
rnd,39,170,90,10,2,30
max,39,170,142,20,2,31
min,39,170,142,20,2,33
rnd,39,170,142,20,2,56
max,39,170,115,17,2,158
min,39,170,115,17,2,156
rnd,39,170,115,17,2,91
max,39,170,112,24,2,218
min,39,170,112,24,2,423
rnd,39,170,112,24,2,100
max,39,170,126,9,2,39
min,39,170,126,9,2,36
rnd,39,170,126,9,2,41
max,39,170,95,7,2,8
min,39,170,95,7,2,8
rnd,39,170,95,7,2,8
max,39,170,119,82,4,388
max,39,170,106,17,2,34
min,39,170,106,17,2,66
rnd,39,170,106,17,2,55
min,39,170,143,76,4,576
rnd,39,170,143,76,4,612
max,39,170,64,19,3,56
min,39,170,64,19,3,121
rnd,39,170,64,19,3,102
max,39,170,109,9,2,29
min,39,170,109,9,2,25
rnd,39,170,109,9,2,19
max,39,170,119,16,2,22
min,39,170,119,16,2,63
rnd,39,170,119,16,2,27
max,39,170,135,32,3,101
min,39,170,135,32,3,459
rnd,39,170,135,32,3,330
max,39,170,124,19,2,123
min,39,170,124,19,2,112
rnd,39,170,124,19,2,177
max,39,170,149,21,3,22
min,39,170,149,21,3,33
rnd,39,170,149,21,3,22
max,39,170,118,35,3,417
min,39,170,118,35,3,1201
rnd,39,170,118,35,3,240
max,39,170,121,40,4,239
min,39,170,121,40,4,255
rnd,39,170,121,40,4,358
max,39,170,143,16,2,43
min,39,170,143,16,2,50
rnd,39,170,143,16,2,56
max,39,170,75,4,2,6
min,39,170,75,4,2,6
rnd,39,170,75,4,2,7
max,39,170,108,27,2,440
min,39,170,108,27,2,524
rnd,39,170,108,27,2,712
max,39,170,148,72,4,386
min,39,170,148,72,4,3120
rnd,39,170,148,72,4,909
max,39,170,128,56,3,187
min,39,170,128,56,3,241
rnd,39,170,128,56,3,206
max,39,170,145,27,2,120
min,39,170,145,27,2,228
rnd,39,170,145,27,2,118
max,39,170,139,24,2,118
min,39,170,139,24,2,126
rnd,39,170,139,24,2,111
max,39,170,84,14,2,19
min,39,170,84,14,2,19
rnd,39,170,84,14,2,25
max,39,170,140,70,4,211
min,39,170,140,70,4,289
rnd,39,170,140,70,4,949
max,39,170,141,10,2,13
min,39,170,141,10,2,23
rnd,39,170,141,10,2,14
max,39,170,123,54,3,183
min,39,170,123,54,3,242
max,39,170,133,11,2,12
min,39,170,133,11,2,12
rnd,39,170,133,11,2,12
max,39,170,58,6,2,11
min,39,170,58,6,2,18
rnd,39,170,58,6,2,12
max,39,170,132,69,4,891
min,39,170,132,69,4,347
rnd,39,170,132,69,4,868
max,39,170,96,16,3,23
min,39,170,96,16,3,25
rnd,39,170,96,16,3,24
max,39,170,145,22,3,319
min,39,170,145,22,3,680
rnd,39,170,145,22,3,245
max,39,170,138,25,2,846
min,39,170,138,25,2,1293
rnd,39,170,138,25,2,227
max,39,170,113,9,2,14
min,39,170,113,9,2,20
rnd,39,170,113,9,2,18
max,39,170,118,44,3,207
min,39,170,118,44,3,198
rnd,39,170,118,44,3,199
max,39,170,66,8,2,9
min,39,170,66,8,2,9
rnd,39,170,66,8,2,9
max,39,170,16,3,2,4
min,39,170,16,3,2,4
rnd,39,170,16,3,2,4
max,39,170,81,19,2,106
min,39,170,81,19,2,412
rnd,39,170,81,19,2,360
max,39,170,79,37,3,192
min,39,170,79,37,3,127
rnd,39,170,79,37,3,96
max,39,170,143,20,2,31
min,39,170,143,20,2,37
rnd,39,170,143,20,2,52
max,39,170,132,26,2,503
min,39,170,132,26,2,938
rnd,39,170,132,26,2,446
max,39,170,118,8,2,9
min,39,170,118,8,2,9
rnd,39,170,118,8,2,9
max,39,170,135,24,2,161
min,39,170,135,24,2,135
rnd,39,170,135,24,2,173
max,39,170,128,46,3,1018
min,39,170,128,46,3,502
rnd,39,170,128,46,3,644
max,39,170,145,96,4,361
min,39,170,145,96,4,769
rnd,39,170,145,96,4,579
max,39,170,137,27,2,88
min,39,170,137,27,2,157
rnd,39,170,137,27,2,120
max,39,170,131,9,2,15
min,39,170,131,9,2,27
rnd,39,170,131,9,2,14
max,39,170,112,12,2,13
min,39,170,112,12,2,13
rnd,39,170,112,12,2,13
max,39,170,136,33,3,176
min,39,170,136,33,3,184
rnd,39,170,136,33,3,609
max,39,170,95,9,2,10
min,39,170,95,9,2,10
rnd,39,170,95,9,2,10
max,39,170,140,27,2,99
min,39,170,140,27,2,106
rnd,39,170,140,27,2,117
max,39,170,87,7,2,11
min,39,170,87,7,2,18
rnd,39,170,87,7,2,11
max,39,170,102,6,2,7
min,39,170,102,6,2,10
rnd,39,170,102,6,2,10
max,39,170,133,26,2,222
min,39,170,133,26,2,496
rnd,39,170,133,26,2,167
max,39,170,140,72,4,880
max,39,170,118,10,2,26
min,39,170,118,10,2,33
rnd,39,170,118,10,2,28
max,39,170,89,8,2,9
min,39,170,89,8,2,9
rnd,39,170,89,8,2,9
max,39,170,149,38,3,99
min,39,170,149,38,3,178
rnd,39,170,149,38,3,89
max,39,170,79,24,2,374
min,39,170,79,24,2,1103
rnd,39,170,79,24,2,315
max,39,170,138,49,3,868
max,39,170,140,10,2,16
min,39,170,140,10,2,22
rnd,39,170,140,10,2,17
max,39,170,84,19,2,45
min,39,170,84,19,2,71
rnd,39,170,84,19,2,54
max,39,170,147,54,3,121
min,39,170,147,54,3,742
rnd,39,170,147,54,3,229
max,39,170,71,7,2,9
min,39,170,71,7,2,9
rnd,39,170,71,7,2,9
max,39,170,149,50,3,197
min,39,170,149,50,3,392
rnd,39,170,149,50,3,1057
max,39,170,115,18,2,53
min,39,170,115,18,2,62
rnd,39,170,115,18,2,62
max,39,170,141,45,4,298
min,39,170,141,45,4,388
max,39,170,145,31,2,245
min,39,170,145,31,2,372
rnd,39,170,145,31,2,210
max,39,170,150,101,6,1364
max,39,170,65,16,2,46
min,39,170,65,16,2,62
rnd,39,170,65,16,2,53
max,39,170,90,22,2,36
min,39,170,90,22,2,59
rnd,39,170,90,22,2,78
max,39,170,148,11,2,13
min,39,170,148,11,2,13
rnd,39,170,148,11,2,13
max,39,170,56,8,2,13
min,39,170,56,8,2,13
rnd,39,170,56,8,2,12
max,39,170,135,7,2,9
min,39,170,135,7,2,14
rnd,39,170,135,7,2,11
max,39,170,130,37,3,58
min,39,170,130,37,3,63
rnd,39,170,130,37,3,70
max,39,170,92,24,2,113
min,39,170,92,24,2,118
rnd,39,170,92,24,2,208
max,39,170,130,60,4,306
min,39,170,130,60,4,224
rnd,39,170,130,60,4,171
max,39,170,104,25,2,61
min,39,170,104,25,2,99
rnd,39,170,104,25,2,61
max,39,170,130,20,2,35
min,39,170,130,20,2,50
rnd,39,170,130,20,2,44
max,39,170,86,8,2,13
min,39,170,86,8,2,27
rnd,39,170,86,8,2,21
max,39,170,150,51,3,1989
min,39,170,150,51,3,1363
rnd,39,170,150,51,3,448
max,39,170,133,23,2,41
min,39,170,133,23,2,56
rnd,39,170,133,23,2,37
max,39,170,112,25,3,181
min,39,170,112,25,3,737
rnd,39,170,112,25,3,363
max,39,170,139,12,2,28
min,39,170,139,12,2,47
rnd,39,170,139,12,2,28
max,39,170,91,25,2,174
min,39,170,91,25,2,649
rnd,39,170,91,25,2,463
max,39,170,98,11,2,22
min,39,170,98,11,2,22
rnd,39,170,98,11,2,14
max,39,170,119,24,2,110
min,39,170,119,24,2,207
rnd,39,170,119,24,2,225
rnd,39,170,129,27,2,1406
max,39,170,149,28,2,84
min,39,170,149,28,2,109
rnd,39,170,149,28,2,57
max,39,170,108,19,2,31
min,39,170,108,19,2,63
rnd,39,170,108,19,2,57
max,39,170,137,48,4,126
min,39,170,137,48,4,232
rnd,39,170,137,48,4,172
max,39,170,93,5,2,6
min,39,170,93,5,2,6
rnd,39,170,93,5,2,6
max,39,170,129,9,2,15
min,39,170,129,9,2,16
rnd,39,170,129,9,2,13
max,39,170,142,51,3,116
min,39,170,142,51,3,160
rnd,39,170,142,51,3,213
max,39,170,111,21,2,57
min,39,170,111,21,2,369
rnd,39,170,111,21,2,53
max,39,170,147,10,2,12
min,39,170,147,10,2,13
rnd,39,170,147,10,2,14
max,39,170,115,33,4,864
min,39,170,115,33,4,841
rnd,39,170,115,33,4,822
max,39,170,138,35,3,166
min,39,170,138,35,3,513
rnd,39,170,138,35,3,154
max,39,170,65,21,2,76
min,39,170,65,21,2,87
rnd,39,170,65,21,2,82
max,39,170,120,40,3,340
min,39,170,120,40,3,626
rnd,39,170,120,40,3,222
max,39,170,138,43,2,672
min,39,170,138,43,2,663
rnd,39,170,138,43,2,641
max,39,170,92,23,3,212
min,39,170,92,23,3,314
rnd,39,170,92,23,3,842
max,39,170,60,14,2,57
min,39,170,60,14,2,77
rnd,39,170,60,14,2,65
max,39,170,80,7,2,14
min,39,170,80,7,2,19
rnd,39,170,80,7,2,16
max,39,170,133,8,2,9
min,39,170,133,8,2,9
rnd,39,170,133,8,2,9
max,39,170,146,24,2,325
min,39,170,146,24,2,1398
rnd,39,170,146,24,2,249
max,39,170,106,9,2,15
min,39,170,106,9,2,26
rnd,39,170,106,9,2,22
max,39,170,144,48,3,225
min,39,170,144,48,3,1165
rnd,39,170,144,48,3,235
max,39,170,112,34,3,126
min,39,170,112,34,3,110
rnd,39,170,112,34,3,86
max,39,170,145,43,3,882
min,39,170,145,43,3,726
max,39,170,144,41,3,96
min,39,170,144,41,3,124
rnd,39,170,144,41,3,243
max,39,170,136,38,3,386
min,39,170,136,38,3,760
rnd,39,170,136,38,3,1655
max,39,170,101,24,2,199
min,39,170,101,24,2,378
rnd,39,170,101,24,2,193
max,39,170,136,79,6,335
min,39,170,136,79,6,366
rnd,39,170,136,79,6,327
max,39,170,123,22,2,105
min,39,170,123,22,2,97
rnd,39,170,123,22,2,155
max,39,170,113,34,3,108
min,39,170,113,34,3,278
rnd,39,170,113,34,3,98
max,39,170,134,57,4,668
min,39,170,134,57,4,1580
max,39,170,133,11,2,16
min,39,170,133,11,2,26
rnd,39,170,133,11,2,26
max,39,170,106,32,3,169
min,39,170,106,32,3,603
rnd,39,170,106,32,3,942
max,39,170,149,53,4,365
min,39,170,149,53,4,502
rnd,39,170,149,53,4,565
max,39,170,143,21,2,57
min,39,170,143,21,2,65
rnd,39,170,143,21,2,78
max,39,170,139,27,2,211
min,39,170,139,27,2,340
rnd,39,170,139,27,2,244
max,39,170,139,37,3,259
min,39,170,139,37,3,214
rnd,39,170,139,37,3,222
max,39,170,147,55,4,188
min,39,170,147,55,4,860
rnd,39,170,147,55,4,609
max,39,170,125,8,2,10
min,39,170,125,8,2,17
rnd,39,170,125,8,2,12
max,39,170,103,24,3,58
min,39,170,103,24,3,111
rnd,39,170,103,24,3,83
max,39,170,134,39,3,167
min,39,170,134,39,3,218
rnd,39,170,134,39,3,150
max,39,170,122,30,3,55
min,39,170,122,30,3,88
rnd,39,170,122,30,3,53
max,39,170,93,26,2,199
min,39,170,93,26,2,409
rnd,39,170,93,26,2,293
max,39,170,136,12,2,24
min,39,170,136,12,2,22
rnd,39,170,136,12,2,16
max,39,170,148,22,2,36
min,39,170,148,22,2,44
rnd,39,170,148,22,2,53
max,39,170,115,24,3,54
min,39,170,115,24,3,79
rnd,39,170,115,24,3,55
max,39,170,118,13,2,18
min,39,170,118,13,2,18
rnd,39,170,118,13,2,19
max,39,170,149,25,2,293
min,39,170,149,25,2,343
rnd,39,170,149,25,2,232
max,39,170,137,8,2,9
min,39,170,137,8,2,14
rnd,39,170,137,8,2,14
max,39,170,49,7,2,10
min,39,170,49,7,2,10
rnd,39,170,49,7,2,9
max,39,170,144,24,2,213
min,39,170,144,24,2,252
rnd,39,170,144,24,2,109
max,39,170,138,13,2,15
min,39,170,138,13,2,16
rnd,39,170,138,13,2,16
max,39,170,94,23,2,36
min,39,170,94,23,2,34
rnd,39,170,94,23,2,41
max,39,170,136,14,2,15
min,39,170,136,14,2,15
rnd,39,170,136,14,2,15
max,39,170,106,41,3,190
min,39,170,106,41,3,308
rnd,39,170,106,41,3,408
max,39,170,149,28,2,169
min,39,170,149,28,2,158
rnd,39,170,149,28,2,127
max,39,170,103,10,2,11
min,39,170,103,10,2,18
rnd,39,170,103,10,2,18
max,39,170,141,46,3,126
min,39,170,141,46,3,226
rnd,39,170,141,46,3,216
max,39,170,137,19,2,34
min,39,170,137,19,2,64
rnd,39,170,137,19,2,37